,LNZLP,RUSI,ROST,SAGO,PHOR,STSB,SFIN
0,-0.0034742362681862,0.0049875415110391,-0.0028449521322313,0.0098200461809755,-0.0090703569699642,0.0117945764928368,0.0045445234173222
1,0.0126802851759092,0.2221480310727081,-0.0114614435190065,0.0129451645920369,0.0182828701647636,-0.0084104785085964,-0.0103584932827422
2,-0.0068965790590603,-0.1093525369273637,0.0028776998276149,-0.0194811355718225,0.0031263982589158,0.0200675630508093,0.0045709616258227
3,0.0091849095770725,-0.054808236494995,-0.0115608224010759,0.0696483942898417,0.0048932481977517,-0.0066445427186686,-0.0029063753072144
4,0.0,0.1193467576325662,0.0086831225734608,0.021180822079447,-0.0165551879455947,0.007472014838701,-0.0004158868847633
5,-0.0126511175535588,0.1140724562598478,-0.0174423026633424,-0.0273158106469629,-0.0047484543716604,0.0,0.0004158868847633
6,0.016073824831061,0.261792182072026,0.0116619397478429,-0.0155041865359653,-0.0038605702541157,-0.0217399866364058,0.0004157139947625
7,-0.0091533819864872,0.3327867287640369,0.0028943580263645,-0.0094192219164916,-0.0146690689046507,-0.0093418938414289,-0.0033305609471646
8,-0.0080785205652014,-0.2703964361647553,-0.0028943580263645,0.0094192219164915,0.0027668913201952,0.0152416159686172,0.0124328165919293
9,0.0057770235769223,-0.0811634071072068,-0.0029027596579614,-0.0414732482065751,0.0022999090174757,-0.0025241914959069,-0.0161930048535793
10,-0.002306806097915,0.0400053346136994,0.017291497110061,0.0161554402222852,0.0016067947907825,0.0042034530156269,-0.0164595401876048
11,0.0,0.0194180858571015,0.0,-0.0032102756302482,0.003663007758737,0.0008385744726211,-0.0012774112871811
12,0.0069045153465444,-0.0041293933420111,-0.0143887374520995,0.0191088616980465,-0.0050401023073244,-0.0092632241318727,0.0093300083077621
13,0.0045766670274118,-0.0365209126208644,0.0,-0.0063291350516475,0.0068665868333588,0.0042211966436245,-0.0135998696199275
14,0.0,-0.0129591446425052,0.0115275051710674,-0.0031796529173796,-0.0020550298361366,0.003364174745632,0.0110639426480498
15,0.0113508596686894,-0.0058139698654199,-0.0086331471447027,0.0095087879690273,-0.0163616969500945,0.0058602093200944,-0.0076465963065281
16,-0.0159275266961013,-0.0117303397854896,0.0312970067219147,-0.0255604969795352,0.013156566001146,0.011618387953865,-0.0051304088589497
17,-0.0022962122603502,0.0044150182091166,0.0221615718028523,0.0128619136424078,-0.0066720597218852,-0.0455775084963192,-0.0051568657469929
18,0.0011487652038733,0.0116789648641462,-0.0476948738080172,-0.0096308930609613,-0.0002308669062546,0.0505157901369017,-0.0090890043571959
19,0.0114156490836767,0.0834977125035608,0.0085837436913916,0.0032206147000421,-0.0085797627759003,0.0049140148024291,-0.0021762794225955
20,0.0079141170559905,-0.0520665537139787,-0.0057143012634387,0.012779726646399,0.011807059260766,0.00244798163864,-0.0078740564309059
21,0.0067340321813441,0.0056101128907667,-0.0086331471447027,-0.0095694510161506,0.0388222979551117,0.038374012881615,-0.0008787346786887
22,-0.0101181301655846,-0.0501897445238552,-0.0087083278917844,0.0127390257774297,-0.0208037924524333,0.0331692574699261,-0.0070578149170474
23,-0.0022624444039695,0.0029368596733097,0.0,-0.0063492276786587,0.0329064817125305,0.0007584376548619,-0.0039920212695374
24,0.0,-0.0403944222082102,-0.0058479698824229,-0.0192932029346788,-0.0046037568980592,-0.0222316553615967,0.0022197567383128
25,0.0464685369084651,0.0,-0.0207414843068164,0.0288019909037061,0.0032905590730988,-0.0219444542545593,0.0066298585386695
26,-0.0363276049324157,-0.0138357318526501,0.0059701669865039,-0.0191088616980464,0.0162923121514349,0.0039541372199804,0.0131292914417928
27,0.0199784669308862,-0.0203290816384256,0.0,0.0253981906056104,-0.0141046061815419,-0.0296377319546758,-0.0065430985889359
28,-0.0110498361865849,-0.0288481543376582,-0.0029806281381377,-0.0157981168765911,-0.016525659766701,0.0,-0.0043859719432543
29,0.0,-0.0568715109546066,-0.0120121564480035,-0.006389798098771,0.0342865771513536,0.0137264973135733,0.0065717651632345
30,0.009950330853168,-0.0191143960233154,0.0120121564480034,-0.0129034048359079,0.0021445429621602,0.0095770883643105,0.0026166608911716
31,-0.0044101504775527,0.1079886380640957,0.0118695755553837,0.003241493924171,0.005341322387971,0.0023800090568113,-0.0078706134323294
32,-0.0099945307249956,-0.0206849061535121,-0.0059171770280883,0.0128619136424078,0.0063721541016994,0.059225302590014,0.0096112579101135
33,0.0187954676200379,-0.0032206147000422,0.0,0.0,-0.0012711866118554,0.0643517972083571,-0.0126888598116826
34,0.3355329754375709,-0.0344578799236879,0.0,0.0031897953681,0.00549684259332,-0.0183750753049943,0.0
35,0.1201295365375069,-0.0151390612156841,0.0,0.0220481372217626,0.0044178045976089,0.0371061120110575,0.0021992531406631
36,-0.0175135824927083,-0.0119353505492727,0.0,-0.0316482109507817,0.0407212337765556,-0.0103627870355466,-0.0097131006464999
37,-0.0619505888615385,-0.0225508255218964,-0.0089419373756613,0.0,-0.0050510259928834,0.0089872710002366,-0.0013318536929894
38,0.0310905870700311,0.0546210844802251,0.0059701669865039,0.006410278360919,0.0020234729688457,-0.0089872710002366,0.0132393813776558
39,0.0137533836376123,0.029462032730316,-0.0029806281381377,-0.006410278360919,0.01345266749053,0.0448140157897926,-0.0048341118089396
40,0.0199294852365997,-0.0016142053545411,0.0029806281381379,-0.0064516352814887,0.0175946023457328,0.0092532054804831,0.0057105360543472
41,-0.0134801615566926,0.0032258092488827,-0.0029806281381377,0.050483905431992,-0.0324632708820032,0.0808520966290947,0.0056781109096613
42,0.002140564499111,-0.0162341227618834,-0.0059880418446226,-0.0280829687428253,0.0150680902140677,-0.0036474204570435,-0.0109482153338985
43,-0.0179796285288571,-0.0181673039554489,0.0059880418446226,0.0732034040232949,-0.0351055628980321,-0.0647821561734943,0.0105125803890869
44,-0.0058224327514332,-0.0339015516756813,-0.0059880418446226,-0.0058997221271882,0.0006193868268627,0.0313425079682019,-0.0056805920726246
45,-0.0095343589873014,0.0858612906063923,0.011940440371918,-0.0119049025063184,0.0171888823805112,-0.0082200905473476,-0.0145665784627052
46,-0.0133533141436966,0.0,0.0029629651306568,0.0860128746600401,0.0020267538352471,-0.0076482208382568,0.0123731141044238
47,-0.0165666439478915,-0.0272671263403395,0.0117648415795864,-0.0565122102633423,0.0082670094780737,0.0076482208382568,0.0074382316255765
48,-0.0602450431441985,-0.0098040000966208,-0.0176995770994009,-0.0205587270210364,-0.0217201271751924,-0.0283341556020496,-0.0065602684436317
49,0.0167936773658369,0.0081766604372455,-0.0059701669865039,-0.0362577480226242,-0.0109358357988601,0.0032605180499337,0.0091723726715568
50,-0.0007933360193958,-0.0297542610817926,0.0,0.0152674721307883,-0.0020768439448391,-0.0170719838986475,-0.0069808311413402
51,0.0,-0.0084246496592515,0.0,-0.0276515313305101,-0.0195240798155451,-0.0053120974848899,-0.0035087755296793
52,0.0,0.0332809417654971,0.0119049025063182,0.0031104224143925,0.014104012346206,-0.0561406817287736,-0.0013189713936782
53,0.0079051795071132,-0.0181673039554489,-0.0059347355198144,-0.0347586333651741,0.0219152868384499,-0.0220728078409626,0.0039517065694775
54,-0.0079051795071132,0.0049875415110389,0.0118344576470027,-0.0032206147000421,-0.033267100982939,-0.0188959110578111,0.0034995661262643
55,0.023530497410194,-0.0201011793210871,-0.0118344576470027,-0.0032310205814464,0.018641235154354,-0.0404246657866326,0.028413448223192
56,-0.0283037761628518,0.020101179321087,0.0029717703891574,0.0318498258870991,-0.0041588747820872,-0.0107527917762618,0.0143281001540791
57,-0.0274875834655637,-0.0201011793210871,0.0059171770280885,0.0093604427595636,0.0056104043267314,0.0053908486348765,0.0008364701449659
58,-0.0008200082460307,0.0067453881395314,-0.0059171770280883,-0.0093604427595636,-0.0056104043267314,-0.0304117004180235,-0.0177145079323176
59,-0.0123815036125051,-0.015241615968617,0.0,-0.0157981168765911,-0.0004168403561815,-0.0127491766704545,-0.0089763372538636
60,-0.7495241917424353,-0.0120173120040174,0.011799546931155,0.0189280098855188,-0.0016691011594545,0.0174885220343511,-0.0012889368057312
61,-0.217011250012146,0.0120173120040174,-0.0088365818004981,0.0337973795832907,0.0010435146517203,0.0210534091978324,-0.000430015057153
62,-0.0469359890185948,0.0236098656391336,0.0029542118974316,-0.0091047669929192,0.0016673617868688,-0.0069686693160934,0.0047200259266609
63,0.1246245674731001,0.0165293019512105,-0.0088889474172459,0.0181273845925567,-0.0020846369859132,-0.0046729056993923,-0.0085985052552317
64,0.1017175243793252,-0.0165293019512105,0.0029717703891574,0.0059701669865037,-0.0170476610952441,0.0031176954325859,-0.0051948168771039
65,0.3349068827925757,-0.0100503358535014,-0.0059523985272953,-0.0519200571783597,-0.015616960884564,-0.0180609542281616,-0.0153075370359401
66,-0.1459166138035831,0.0033613477027049,-0.0059880418446226,0.0031298930089275,0.007304006692586,-0.0007927071362389,-0.0048597400702343
67,-0.0623254631978288,-0.006734032181344,-0.0090498355199178,0.0031201273362436,0.0078883257354915,0.0319964868035951,0.0123240996451484
68,-0.080310696419613,0.0117549632314436,0.0060423144559626,0.0,-0.0006372809562468,0.0053619431413853,-0.000875273578855
69,0.0525990617112749,-0.0083822787528043,0.0238106486937183,0.0215724852541279,-0.0040455713646017,-0.0153967629707125,0.0069808311413401
70,0.0212599994268493,-0.0135595297856322,-0.0118344576470027,-0.0246926125903715,0.0034078840223419,0.0084975405104407,0.0108109161042156
71,-0.0262310121488697,-0.0189497487796622,-0.0059701669865039,0.0307716586667536,-0.0141329975535871,0.0068992224602717,0.0012894908298719
72,-0.0066666913581893,0.0017376198985408,0.0148591144037499,-0.0060790460763822,0.0060202288899834,0.0007636502852973,-0.0151485259934239
73,-0.010084119066626,-0.0052219439811517,-0.0088889474172459,0.0151288815963,0.011297146686176,0.0,0.0
74,-0.0118947876521492,0.024139103113357,-0.0029806281381377,0.0,-0.0173173755761594,-0.0169365095308982,0.0065203447700857
75,-0.0508435529812741,-0.0119967162876314,0.0029806281381379,0.0059880418446226,-0.0165257076797603,0.0,-0.0082663076754235
76,-0.0366341331797803,-0.0017256259674698,0.0029717703891574,-0.002989538848366,0.0154468425411306,-0.0109290705321903,-0.0048171759454392
77,0.0276006480821125,-0.0034602110648956,0.0059171770280885,0.0089419373756612,-0.0045439870461256,-0.0078802614253059,-0.0013178126220766
78,-0.0036363676433838,0.0034602110648956,-0.0029542118974315,0.0263558447053624,-0.0013020835172983,-0.003169574761279,-0.0083867187671012
79,-0.0128324400698844,0.0017256259674698,0.0,-0.0057971176843259,0.0023858594985283,0.0063291350516475,-0.0048878124415947
80,-0.0280654528982838,-0.0051858370323654,-0.0059347355198144,0.017291497110061,0.0330273973281715,-0.0015785322930497,0.0115147419292038
81,-0.0018993358036525,-0.0017346058122083,-0.0029806281381377,-0.0114943794257351,-0.0039903444736261,-0.0055445686597744,0.003955179842928
82,-0.0038095284166677,0.0,0.0029806281381379,0.0114943794257352,-0.0037950709685516,0.0473139815360694,0.0008768084735343
83,-0.0389154162496735,-0.0052219439811517,-0.0059701669865039,-0.0057306747089849,0.0014775728281889,0.0007572889419087,0.0056805920726245
84,-0.0322608622182214,-0.0017467253349415,0.0,-0.0115608224010759,-0.0042274423558316,0.0,-0.0109530120191972
85,-0.0354573118367294,0.0017467253349415,0.0,0.0,-0.0012717254787288,-0.0007572889419086,-0.0004406256956065
86,-0.0085288363475204,0.0155847310166983,0.335188264692197,0.011560822401076,-0.0188402061605582,0.0052890187517908,0.0004406256956066
87,0.0939465875018722,-0.0051679701584426,0.1321921664969471,-0.0173917427118689,-0.0060698213670757,-0.0075643325889264,-0.0026466711523747
88,-0.0581909384541378,-0.0017286089006177,-0.1343357900401985,-0.0029282597790883,0.0052049564483016,-0.0122232232307757,-0.0200765163904796
89,0.0184242673260585,-0.0017316021642778,-0.0944521788936881,-0.0147713173203125,-0.0082537392976602,0.0,0.0156497716671275
90,0.0060667526822373,-0.0104530568520893,-0.0657971745447671,0.0,0.0010899183640256,0.0046012351117166,0.0083941292528216
91,-0.0040404095370049,0.0017497817237877,-0.0075853713892567,0.0,0.0049983805032297,-0.0069098163601865,0.0004398504579381
92,-0.0101730277130505,0.0121634861931971,0.0250639686632162,0.0379607622392227,0.0064823044621011,0.0061444125723409,-0.0044072349874077
93,-0.0020470836217247,-0.0034602110648956,-0.0429901849313681,0.0028612322810321,-0.000861883268178,0.0007654037878455,-0.0039831873862948
94,-0.0020512827705573,-0.0034722257107492,-0.007782140442055,-0.0143887374520996,0.0023683938296582,0.0030557701394778,-0.0008873115045342
95,-0.0103200090319894,0.0103807160545608,0.025708356710207,-0.0058139698654197,0.0106952891167479,-0.0084259403140717,-0.03523399690946
96,0.0,-0.0103807160545608,-0.0309303006913585,0.0,0.0363524464870016,0.0355156329607359,0.01867510434439
97,0.0062047768868828,0.0034722257107492,0.0707365510917782,-0.0029197101033347,-0.0247182592056608,-0.0142058463739847,-0.0013547078161246
98,-0.0062047768868828,-0.0017346058122083,-0.02719574280849,0.0,-0.0165398172536045,-0.0144105641264793,0.0058571917844403
99,-0.0041580101486636,-0.0069686693160933,-0.0100756519887415,0.0,0.0099990195913666,-0.0015290522856779,0.0017953326186743
100,0.0144780191806532,0.0034904049397683,0.0125787822068601,0.0058309203107931,0.0161683312136874,0.0106545908981034,0.0022396425935046
101,0.0020512827705573,-0.0034904049397684,-0.0176549352387208,-0.0029112102074583,0.0208190555571175,0.0142805884226319,-0.0071845841150753
102,-0.014448135747386,-0.0035026305512021,-0.0025477720787985,0.0029112102074583,0.007114574170805,-0.0112571545246345,0.0134290290267218
103,-0.0104494158743411,0.0,-0.0051151006667704,0.0,-0.0227398920738858,-0.0030234338979972,-0.0125281280648883
104,-0.0084388686458645,0.0087336799687546,0.0,0.0086831225734608,-0.0002072324118907,0.0067899166934743,0.0017993707059132
105,-0.0214140945038165,-0.0034843240826109,-0.0207261305171168,0.066877282660576,0.016852022316817,-0.0075472056353829,-0.0072169911802233
106,-0.0240975515790605,-0.0158314652166806,0.0104167608582555,-0.0469051494736607,0.0463903223593074,0.0037807228399059,-0.004537212865356
107,-0.0133930573364381,0.001771479648382,-0.007802380284185,0.0168071183163811,-0.0174668359811582,0.1079232667400952,-0.003188342486855
108,0.0022446698538239,-0.0053238812527498,0.0052083451071382,0.008298802814695,0.0120044735893181,-0.0478759480460287,-0.0022836273911383
109,0.0089286307443013,0.0017777782459991,-0.0026007817000573,-0.0138698478641505,-0.0348328577985078,-0.0164819209367742,0.0004571428651041
110,-0.0111733005981251,0.008841790581461,-0.0078431774610257,0.0221003470006659,-0.0054839174702966,-0.0028943580263645,-0.0165902422601969
111,-0.0090294067193942,-0.0124005131984549,-0.0079051795071133,0.0108696722369038,0.0211594796074697,0.1226023220923324,-0.0037243990909823
112,-0.0045454623716746,-0.0017841217935014,-0.0106383982050557,0.0319176029683051,0.025591947872114,-0.0325761704346127,0.0004663091714246
113,-0.0183913229714235,0.0053428444104954,0.026386755173195,0.0309303006913585,-0.029187636923945,-0.0173685060816442,0.0065055991526899
114,-0.0282371701816101,0.0053144500634926,-0.0290641329439113,-0.0102041701742417,0.0101543928768441,0.037041271680349,0.0023132094515647
115,-0.0389343579754547,0.0070422826254129,0.0080107237460789,-0.0025673955052458,-0.0057614145661153,0.0641325946046986,0.0050703035564122
116,-0.0405118689169012,-0.0411875584066145,-0.0160861377516243,-0.0077419741536153,0.0218749485098815,0.0761938411526527,-0.0050703035564123
117,0.1662586978644228,0.0252721031007151,0.0053908486348765,-0.0156661167443994,-0.0139368238728791,-0.0414806011207188,0.0018467225931647
118,-0.031113620849069,0.0176683041333138,-0.0026917916657114,-0.0266682470821612,0.0102262444763433,-0.026827242233144,-0.0013847221229466
119,0.002254792387089,-0.0105634785095692,-0.0163047090249436,0.0053908486348763,0.0007823196174472,-0.0091047669929192,-0.0009242144835314
120,-0.029716472328477,-0.0017714796483821,0.0,0.0212773984472848,-0.0175529602821894,-0.0012202564052293,0.0018475755833001
121,-0.0069848945219509,-0.0071174677688639,-0.024966622730461,0.0052493558861437,0.0061489829764455,-0.0266022491940696,-0.009272203657578
122,-0.0070340266573799,-0.0107720969819111,-0.0284919557943061,0.007822725681209,0.0533280036619764,0.0180185055026784,-0.0051365977986955
123,0.0046948443042076,0.007194275634027,0.1324469898433974,0.010336009330662,0.0395163055839416,0.067842785103714,0.0028050509276086
124,0.0208582301204097,0.0089206657583793,-0.0127390257774297,0.0671059166428169,0.0333186942759698,-0.0435106844441834,0.007441894810386
125,0.0136676387286638,-0.0125113338891079,-0.0207261305171168,-0.0292703823001131,-0.0062948275702891,0.0095694510161506,-0.0013911432802318
126,-0.0068104690025267,0.0035906681307285,-0.0026212334798743,0.0196084713883761,-0.0198412177618837,0.0689928714869514,-0.0037192046590671
127,0.0113251493570535,0.0035778213478841,-0.0132102317368064,0.118861202876729,-0.0084449338467744,0.072320661579626,-0.0042007062937904
128,-0.002254792387089,-0.0089686699827603,-0.008010723746079,0.0043010818993907,0.0342323041405474,-0.0706553822605649,0.0134729099513685
129,-0.0045248945982896,0.0,-0.0107817756032883,-0.0021482285382896,0.0337736736943515,0.0186818620118083,-0.0078758804146504
130,0.0045248945982897,-0.0090498355199179,-0.0054347959859568,-0.0129871955268111,0.014061162371853,-0.0839971684073254,0.0023228814161397
131,0.0,0.001816530926398,-0.002728514653204,0.0,0.0004985459180951,0.0152764427922402,0.0023174981403624
132,-0.0045248945982896,0.0197670407407765,0.0,0.0194180858571015,-0.0221746025195094,0.0069727185466382,0.0174396342853559
133,-0.0114026320978116,-0.0125337361472565,0.0108696722369038,-0.0129034048359079,-0.0027215529640754,-0.0040615083391799,0.0045392724334193
134,-0.0069045153465444,-0.0018034269991506,-0.0273989741881143,-0.0021668480850903,-0.0292079865915686,-0.0005815644246494,0.0112588444431719
135,-0.011614532420693,-0.0145457110023787,0.0273989741881143,0.0486868637199831,0.0261373598186036,-0.018790922836881,0.0040223517919473
136,-0.0070340266573799,-0.0018331810816609,-0.0108696722369038,0.1458518770125633,-0.0094413198096201,-0.0337584799249544,-0.0076114090317645
137,-0.0047169898781389,-0.0018365478073015,0.0027285146532041,0.0316370849431824,-0.0166960400089835,0.006112488469077,0.010728757358975
138,0.0023612761856796,-0.0223057575142981,-0.0109590137897196,-0.0904775849661158,0.0104676461718564,-0.0215591965833838,0.0004445432391501
139,0.0,0.0223057575142981,0.0054945193176407,0.0037807228399061,-0.0281609598244199,0.0018662524856762,-0.0224728558520586
140,-0.0023612761856798,-0.0018399269220071,-0.0027434859457508,0.1389412611637293,0.0099467960414586,-0.0181880209713706,0.0104002746177893
141,0.0,0.0018399269220072,-0.0110498361865849,-0.0300022503037989,0.0007067138103323,0.0188093319574962,0.0116280379951189
142,0.0,-0.0092336759469454,0.2253633080525226,-0.0239737508979986,-0.0076234745596466,-0.0238854849893568,-0.0075876284581142
143,-0.0047393453638965,-0.0018570107472127,-0.1300531282481977,0.013769580723757,0.0351465496132852,-0.0057416425676752,-0.0022426562438339
144,0.0,-0.0037243990909823,0.2510338052960421,-0.0189824509122901,-0.0006875215121282,0.0164978361152393,0.0138240774522397
145,0.0,-0.0018674141747954,0.0233020252028443,-0.0140353181163834,0.0168787571991319,-0.0056800405157034,-0.0147225501092668
146,-0.0047619137602437,-0.0112783150377071,-0.0532145245654445,0.0,-0.0213592058454462,-0.0069863732879799,0.013393057336438
147,0.0305546683219726,0.0018885746878681,-0.0844383191465745,0.0227083993698122,0.0034482792789159,-0.0115385895564937,-0.0022197567383128
148,-0.0139862419747398,-0.0018885746878681,0.0239402075460084,-0.0069324367756447,-0.0217494436613204,-0.0012903227596701,0.0
149,-0.0118065125869889,-0.0171596202828262,-0.0327898228229908,0.0257524961024147,0.0195094151550964,-0.0006457862671961,-0.0022246950221111
150,-0.0047619137602437,-0.0292703823001132,-0.0044543503493803,-0.0188200593267699,-0.0003450655658808,-0.0288355496398872,-0.0008912656561463
151,0.0047619137602437,-0.0240492552326697,-0.0022346378014161,-0.0017286089006177,0.0044765914978833,0.0092654534457901,0.0132862893323349
152,-0.0047619137602437,0.0040485885260003,-0.0180591815383975,0.037355786543769,-0.0039590377901346,0.0032883949395864,0.0230495092260665
153,-0.0120049460968233,-0.0245411089161176,-0.0183913229714235,-0.0339015516756813,-0.0090090699423659,-0.0132189631421873,0.0329839625764884
154,-0.0394139685408766,-0.0062305497506359,-0.0378295698730494,0.0153980801111216,-0.0366899815061309,0.0486951116528452,0.0132233331746894
155,-0.0075662403833158,-0.0210534091978323,-0.0368139731227163,-0.0205839171434871,0.0342505309149586,-0.0354761485106578,0.0004104247954186
156,0.0323814095030397,-0.0085470605784584,0.0124225199985571,-0.0017346058122083,0.0186662868742103,-0.0172189684755332,0.0028682666662797
157,0.0097561749453646,-0.0064585800394119,-0.0099256397999699,0.0240148762038739,-0.0034305350967892,-0.0250266697172463,0.0194495596158576
158,-0.0345713440650886,-0.0284794713218685,-0.0278146881828771,-0.0050977170716687,-0.0331908195917474,-0.0013708021337787,0.0036050509702754
159,-0.0280273122546558,-0.0224728558520586,-0.0312525435041045,-0.0017050302510838,0.0030149885391007,-0.0027472544751388,0.0194027072748528
160,0.0077220460939103,0.0,-0.0627764061441718,0.005106394074574,0.0040646870489611,-0.0250709510013919,0.0
161,0.0102041701742416,0.0090498355199178,0.0167601688574651,-0.0102389973010943,-0.0280801781321142,0.0153956854779734,0.0151783415990656
162,-0.017926216268152,-0.0158913673366345,0.0137553750684854,-0.0017167386190545,0.0110039894522098,-0.021762880671366,-0.0151783415990657
163,0.0,0.3367990874167358,-0.0277026025493358,-0.0190812380754276,-0.0066600912189263,-0.0309934717679447,0.0003920799893396
164,-0.0182534403093503,-0.1122834800903448,-0.0198588086496034,0.0156388938844547,-0.0032561533834659,0.0058394326515593,0.0093640949560251
165,-0.0185928330766158,-0.0858486827302519,0.0718541037679837,0.0,0.0165322723114708,-0.0007280670143237,0.0298415410399031
166,-0.0080754140055454,-0.0406560056411288,-0.03252319170556,0.0,-0.0107508650608106,0.0029090929606837,0.0041376775225399
167,-0.0136056520557785,0.3203380354258335,-0.0222850447894348,0.0051590828100274,0.0159059738019433,0.0014513790646469,-0.0170361871525678
168,-0.0137933221323358,-0.0605304997400324,0.0056179923042232,-0.0190481949706944,-0.0080107237460789,-0.0094718376625664,0.0219041990126406
169,-0.0571584138399486,-0.085122253416835,-0.0198026272961797,0.0224728558520585,-0.0160349350434729,-0.0282127100943561,-0.029185319510779
170,-0.0359320092260633,-0.0684952352487643,-0.0172914971100611,-0.0034246608813641,0.0160349350434729,-0.0068001773190646,0.0
171,0.0417971286784614,-0.0150378773645405,0.0029027596579614,-0.0068847087774971,0.0290641329439113,0.015049192973858,0.0179154782175278
172,0.0202611851398219,0.0018921481520379,0.0508584172334909,0.0085985052552317,0.0231670592815343,0.0424040135657893,0.0220446065036322
173,-0.0086331471447028,-0.0094967475372571,-0.008298802814695,-0.0085985052552317,-0.0368012505573381,-0.0122435811057115,-0.0126442740741971
174,-0.0087083278917843,-0.0389154162496735,-0.0139862419747398,0.0,-0.0181145070387765,-0.0029027596579614,-0.0120483385161744
175,-0.0117303397854896,-0.0099701723198499,-0.0028208763416413,-0.005194816877104,-0.0095436035420936,-0.0287524413913457,0.0045351551653911
176,0.0029455102297567,0.0178753518269631,-0.0056657375356771,0.0069204428445737,-0.0019922129200705,-0.0075075427697356,-0.0007544323254852
177,-0.0058997221271882,-0.021891421481853,-0.0200867585667374,-0.0017256259674697,0.0005437245263089,0.0090023113589649,-0.0034020066831356
178,-0.0089153636579523,0.0020100509280241,0.0086580627431145,0.0103093696588612,0.0179570276726969,0.0199636944395628,-0.0003787161567704
179,-0.002989538848366,0.0257695131790516,-0.0086580627431145,0.0051151006667704,0.0259983025032143,0.0087464114428684,-0.0102799306197492
180,-0.0120483385161744,0.0327266935025569,0.0028943580263645,-0.0171530792262494,0.0053610158661881,0.0028985527540112,0.0087636301017854
181,0.0,-0.0366482671557387,0.002886004889135,0.0017286089006176,0.0116599400557955,-0.0145775176181574,-0.0015186031771901
182,-0.0060790460763822,-0.0319388425078326,0.0028776998276149,0.0120173120040174,-0.0005115525731812,0.0138536666998344,-0.0011404677153266
183,0.0151288815963,0.1057661129053254,0.0085837436913916,-0.0172121288811214,0.0123740878830013,0.0411405534780757,0.0056893762416956
184,0.0611544231533306,0.0198741862070836,0.01133156600955,0.00864309615602,-0.0043896744470725,0.0,-0.0007567158893062
185,0.0278569545029662,-0.0162311949285825,-0.0028208763416413,-0.0069084903438116,-0.0367061109197483,-0.0041782790591959,0.0034007212067551
186,-0.0250360781613248,-0.0408219945202551,-0.0170944333593001,0.013769580723757,0.0066480300830754,-0.0091132772328654,-0.0026440053174488
187,0.0250360781613248,-0.0268730182510963,-0.0086580627431145,0.0169495583137732,0.0045233201689119,0.0007039775017943,-0.0060698213670756
188,-0.0110498361865849,0.0268730182510962,0.0143887374520996,-0.0203742191951374,0.0086416023427223,-0.0014084509370579,0.0064479646878986
189,-0.0055710450494553,-0.0076045993852193,-0.005730674708985,0.0,0.0022346378014163,0.0077220460939103,-0.0015134319952674
190,-0.0312082064538411,-0.0290436677705193,-0.0057637047167499,0.0102389973010942,-0.004646768536789,0.0083565945909414,-0.0342802678324518
191,-0.0028860048891349,-0.0462393926500288,0.0,-0.0119557359201488,-0.0044951666287664,-0.0020826109575264,-0.0122217172767606
192,0.0086331471447028,0.0303974771843709,-0.020438667677274,-0.0103627870355465,0.0093136237229349,0.0096819566829151,-0.0019853093675887
193,-0.0469294322219833,-0.0181273845925566,-0.0238817320033872,0.00864309615602,-0.0253838385564687,-0.015256884013832,-0.008381609634712
194,0.0208031276297633,0.0060790460763821,0.0179645549752988,0.0,0.0080673885450079,-0.014783796184237,0.0016019226493334
195,0.0029368596733097,0.0020181641562371,-0.0029717703891574,-0.0017226533114461,-0.0128330846180223,0.0112836176020273,0.0111421765532418
196,-0.008836581800498,-0.0203673028244337,0.0118344576470027,-0.0051858370323654,-0.045795713586131,-0.0077437908969031,0.0269389704357866
197,-0.0149034055025749,-0.0659112049495433,-0.0420482362434993,0.0051858370323654,-0.0128625130583967,-0.0994885081806038,-0.089816821388217
198,-0.0030075210639553,-0.0267276489058147,0.0152209940103551,-0.0069204428445737,0.0158216422752006,0.017795440589864,0.007556711022561
199,0.0384094481148712,0.0134531176971186,0.0060241146033808,0.0017346058122083,-0.0107687635541306,0.0121952730938182,-0.0025125641358831
200,-0.0116619397478429,-0.0202481608299474,0.0178576174000064,0.0103449198423927,0.0162936394861005,0.0067950431328288,0.016632400049142
201,-0.0058823699030665,0.0616935690053397,0.0628778509524306,0.0119353505492728,0.0064073445750004,0.0289230394692504,-0.0170517751863432
202,0.0,-0.0085837436913914,-0.0111421765532418,-0.0016963532481784,0.0001824651040551,0.0029197101033348,-0.0063118240264549
203,0.0029455102297567,-0.0064865092296066,-0.0084388686458647,0.0067682153461388,0.005639967647378,-0.0161649368533553,-0.0165996575990391
204,-0.0088626872578453,-0.0197158631644173,0.0028208763416414,0.0621114635434876,-0.0173853770355955,0.0,0.0081214380991664
205,-0.0029717703891574,-0.0269074529199243,-0.0141846349919564,0.1179591074941479,-0.0160033188351378,-0.0126725512537665,-0.0051216501200549
206,0.0293276150945199,0.0,0.0,-0.0431721718652085,-0.0118880539595894,0.0022480339178823,0.0029908161580453
207,0.0028860048891348,0.0112995552539334,-0.0202027073175195,-0.0575044944801912,0.0330469725038892,0.0029895388483659,0.005106394074574
208,-0.0057803629154994,0.008948605576014,0.0202027073175194,-0.0284379353205335,0.0221585528164469,0.0022363035782805,-0.0025499376332726
209,-0.0087336799687545,0.0022246950221111,0.0085349024498372,-0.0243321006595306,0.0471893214591684,-0.0256424306133376,0.0
210,0.0259754864032607,0.0110498361865849,0.0056497325421191,-0.00164338574373,0.0039333099021123,-0.0015290522856779,-0.0017035779247838
211,-0.0201445660924674,-0.0022002209096024,-0.0056497325421191,-0.0115799474309594,-0.019300961037047,-0.0115430292816746,0.0
212,0.017291497110061,-0.0222726356091231,-0.0113961347308695,-0.0390210658628301,0.0347132400319339,-0.008550382445813,0.0110217309041952
213,0.0253892340048195,0.0044943895878392,0.0085592533956701,0.0017286089006176,0.0271900039111043,0.0077760889499082,-0.0016877641137196
214,0.0027816429618767,0.0022396425935048,0.0028368813351995,0.0651859798846955,0.0091176144486537,0.0054075064173929,0.002530579165717
215,0.0327898228229909,0.0089087448891094,-0.0056818334674308,0.0427618593380817,-0.0358035437460434,-0.0108444130141288,-0.0101609680314087
216,-0.0026917916657114,-0.0133930573364381,-0.0114614435190065,0.1169213380589022,-0.0174536329274879,-0.0101762130604525,-0.0064034370352069
217,-0.1573002887301545,-0.1116222768818026,-0.0532670291814874,-0.1564521768155375,-0.0551694429283966,-0.0287330221273763,-0.0116305424750074
218,0.0401908805832452,0.1048578767932606,-0.0184054275427154,0.0457132386649528,0.0256790144176914,-0.0138608007922353,-0.0497438249985689
219,-0.2978344439157989,-0.2276787064796009,-0.1428627200534067,-0.1297963558754942,-0.0931118935816272,-0.0991764290163398,-0.0447001789179068
220,0.1082135846402327,0.1598164173629355,0.1146033827390037,-0.0284716740813118,-0.0314059177375339,0.0152949450356378,0.0465200156348929
221,0.1009552221899099,0.0120338395637234,-0.0795120629277336,-0.0633358751718108,0.5092291356998996,0.0,-0.0197389929572509
222,0.0325761704346126,-0.0490294272403186,-0.2102954088363608,0.0095694510161506,0.0652871922813228,0.0325017629045363,-0.0334700108284386
223,0.031548357734926,0.0911902380645966,-0.0659579677917974,-0.0250736375521159,-0.1137778207288806,0.0086059050928795,-0.0004795013278159
224,0.0184620628397353,-0.0302700643027564,0.1554485385428582,0.12814582269193,0.0118788517781061,0.0270515227409583,0.0761613609655639
225,0.2472411028932702,-0.0509200904272567,0.0344202238864793,0.0304592074847086,-0.0835707802342224,0.0808763884221137,0.0434851119397388
226,-0.031441525834819,-0.0125158079318306,-0.0344202238864793,0.0198026272961797,-0.0373090280746326,0.0741079721537218,-0.018467348964451
227,-0.0686419327221635,-0.0050505157860685,-0.0684371615532284,-0.0298529631496811,-0.0354069819151485,-0.0021451563463881,0.01334788385826
228,0.0387145121806904,-0.0178804252778485,0.0645385211375711,-0.0084531357110582,0.0700096483920383,-0.0476455081566273,-0.0286353621909718
229,-0.0360863897744208,-0.0077620053354891,-0.0317486983145803,0.0333920840583104,-0.0128189400260091,-0.0098076983830199,-0.0097302846425761
230,0.0561371868199819,-0.0104439591610832,-0.0121705356202551,-0.0148886124937506,-0.0457752242400437,-0.0473507154569287,0.0008884940611152
231,0.002478316014467,0.0104439591610833,-0.0040899852515251,0.036010437523033,-0.0047526553058602,0.0142070266443492,-0.0129610752953842
232,-0.0074534506545808,0.3401759445586974,-0.0041067819526533,-0.0511240753330813,-0.0033258652593411,-0.0078678612006136,0.0248791152814876
233,0.0074534506545809,0.3346220973330514,0.071458963982145,0.0117747365445335,0.0542654086189489,0.0226483714295165,-0.0105867773089056
234,0.0483185772708077,-0.265013272639068,-0.0038387763071657,-0.0236897711224046,-0.0753434723452032,0.0145652249109178,-0.002664299977463
235,0.0793167548285873,-0.0368786303853658,-0.0194180858571016,-0.0225117731722168,0.0088365818004979,0.0045558165358606,0.0106148718932275
236,0.0530346966560865,0.0177309609712316,-0.0198026272961797,0.0207979766944821,0.0224728558520585,-0.0346855579878901,-0.0092818345929622
237,-0.1090403726162268,-0.0285224326039961,-0.0120725812342692,0.1814635558833178,-0.003734563375239,0.0078125397367936,-0.0201845830028446
238,-0.0209553651759879,-0.0596079597689677,-0.0540672212702758,-0.0319794693215351,0.0205106178877594,0.0023319093349787,0.0
239,0.0615930109078143,-0.0351598716536277,0.0085106896679088,-0.0163816023718858,0.0014088477957232,0.0380853340238748,0.0081227883436042
240,-0.0639487246002734,0.0428080924918846,-0.0170944333593001,-0.0197125412639581,-0.0146070809603596,-0.0288116972385457,-0.000899280636144
241,-0.0507968932852748,0.0519597389307109,-0.0262023723940239,0.044917730294359,-0.0203484905381289,-0.0007695267790286,-0.0140432658962905
242,0.0220867874028435,-0.0237888619640147,0.0175443096509095,-0.0177257225991082,0.0203484905381289,0.0145206983918531,0.009986465200676
243,0.0096619109117368,0.0936252594394053,0.0172418064345059,0.0451642670541292,0.00541388984408,-0.0099123953056588,0.0040568006956144
244,-0.0194180858571016,0.0083963549529063,0.0042643987864575,-0.0114614435190066,0.010178204915756,-0.0271861403041567,-0.013131273129021
245,0.012180418556871,-0.0271203062191937,0.0,-0.0337028235351226,-0.0004220299703914,0.0156253179030808,0.0063607665618104
246,0.0096386288377687,-0.0138410514118714,0.0,-0.0089820963158277,-0.0090459980814848,-0.0347037980083194,-0.0059050818877142
247,-0.007220247973487,-0.0408945871666519,-0.0042643987864575,-0.0045214847188458,0.0175924599093561,-0.0016064260482736,0.0022753138371356
248,-0.0319045465187452,0.0197670407407765,0.0085106896679088,-0.0152209940103552,0.0346871433153671,0.0246141842934017,0.0
249,0.0099256397999699,-0.0125337361472565,0.0042283361095211,0.0015325673497782,0.0667174553318694,-0.0134230203321406,-0.0022753138371355
250,-0.0250013022054172,-0.0054200674693391,-0.0127390257774298,-0.0342712667352179,-0.0356722452102187,0.007128743060753,0.0022753138371356
251,-0.0076239251106593,0.083381608939051,-0.0129034048359077,0.0047430918960128,0.0110426584919886,0.0141068170081812,0.0104002746177893
252,0.0025477720787987,0.0295588022415444,0.0043196611445163,-0.0047430918960127,0.0317890721765475,0.0054326870132269,0.000899280636144
253,-0.0102302682508149,0.0657513775627804,0.0043010818993907,-0.0127593437537599,-0.0137359604066708,0.047610048971254,0.0156078976659909
254,-0.010336009330662,-0.1036784294748415,0.0,0.0016038495819746,0.0063243317296701,-0.0007382798415808,0.0066152391187191
255,-0.0104439591610832,-0.0446809714192989,-0.0043010818993906,0.0111554941717854,-0.0001260954544259,-0.0103935605272633,0.0165653308463884
256,-0.0265973125192658,0.005258557253467,-0.0086580627431145,0.0,-0.0624390032552885,-0.0037383221106072,0.0175706255887827
257,-0.0412713317554047,-0.0301708776333634,-0.0175443096509093,0.0281268541628769,-0.0342719049043023,-0.0052572407979706,0.0059297081836742
258,-0.0227282510775561,0.035401927050916,0.0,-0.0392823483346623,-0.0175160367038769,-0.0060423144559625,0.0146722397325726
259,0.0476948738080172,0.0458874045114707,0.0088106296821549,-0.0048192864359488,0.0205673566857558,0.0157838677012619,0.0197781477916434
260,-0.0221615718028524,0.0229895182246987,-0.0088106296821548,-0.0032258092488826,0.0204242587322007,-0.0173001682192259,0.0113591485070779
261,0.0,-0.0533459807052927,0.0088106296821549,-0.027847827375775,-0.0106398493848286,0.0180456024691745,0.0104334814837745
262,-0.0028050509276086,-0.0437515096731279,-0.0043956114730381,0.0066225407604934,-0.0219057698797168,-0.0241339013364298,0.0410614867977739
263,-0.005633817718256,-0.036433902246102,-0.0133039656263628,-0.0082850515341069,-0.0012623607819855,-0.0015278841780531,-0.0084648446959479
264,-0.0056657375356773,0.012903404835908,0.0044543503493803,0.0033222621919778,0.0132452267500207,-0.0007648183929221,-0.0112688194610023
265,-0.0056980211146377,-0.0055096558109696,0.0044345970678657,-0.0016597514183643,-0.0290893833499615,-0.0123173227775794,0.0062329769380477
266,-0.0143887374520995,0.0055096558109697,-0.0044345970678658,-0.0033277900926746,0.0048364247901121,-0.014826646946575,0.0161790894323091
267,-0.0175443096509095,-0.0018331810816609,-0.0134230203321407,0.0165293019512105,-0.0022730511278611,0.0062696130135953,0.0060952569661636
268,-0.0059171770280885,-0.0036764747293086,0.0,0.0146463155172392,0.0097658408302454,0.0193429628431309,-0.0103074018115189
269,-0.0119404403719178,-0.0356176356128933,0.0089686699827603,-0.0245310747497812,0.0132915562920614,-0.0023014969882791,0.0242619937095047
270,0.0,-0.017324783657306,-0.0044742803949209,0.0229142595228758,0.0049909988534836,0.0045977092486295,0.0181856932381753
271,-0.0090498355199179,-0.0097561749453646,-0.0044943895878393,-0.0212599994268493,0.0042779337993292,-0.009216655104924,-0.0155674011121182
272,0.0030257209165368,0.0232568621642673,0.0310446216819601,0.0180185055026784,-0.0099641012591887,0.0168328381502324,0.0228961257427256
273,-0.0060606246116909,0.0320479830263582,-0.0087719860728369,-0.0114286958236227,0.0037481823571808,0.0210217951422205,0.0025524170648383
274,-0.0030441423812281,-0.0074488240129906,0.0,0.0195128142235817,0.0608772612890286,0.0066642231091281,-0.0337006526518772
275,-0.0030534374868903,-0.009389740349839,0.0131292914417928,-0.0162341227618834,-0.0166966345076709,0.039078778584879,0.0063826009804971
276,-0.0092166551049239,0.0205422723003141,0.0129591446425051,-0.0098685011407538,0.0398935509228233,-0.0207967337474299,0.0096835021111649
277,-0.0218417419150487,0.014679162663049,-0.0043010818993906,0.0049464239353256,-0.0102433674147609,-0.0324034240546591,0.0281399894128336
278,-0.0223294763980886,0.0462715992878199,-0.0217873541849072,-0.0032948958968525,0.0041099467049087,0.0163329540220504,-0.0054200674693391
279,0.0032206147000421,0.0,-0.0088496152769825,-0.0033057881344995,0.0238106486937186,0.0311732382183654,0.0
280,-0.0064516352814887,0.005203827875027,0.0,0.008244069775082,-0.0101894082409031,0.0078208717161802,0.023631604533277
281,-0.0130295002903337,-0.0052038278750269,0.0044345970678657,-0.008244069775082,0.0026516841094764,-0.0049698362853411,0.007052215405325
282,-0.0065789710980425,-0.040821994520255,0.0175443096509095,0.0341774518015866,-0.006198236275244,0.0280720187786865,0.0358906706840677
283,-0.0033057881344995,-0.0090992438551141,-0.0131292914417927,0.0031948908965192,0.0255556936575575,0.0034542348680873,0.0382423990364462
284,-0.0474665372389237,-0.0091828009823349,-0.0088496152769825,-0.0225816046967092,-0.0256825891592824,-0.0006898930939376,-0.0443627853637697
285,-0.0104712998672953,0.0091828009823349,-0.0044543503493803,-0.0098361448767131,-0.0102041701742417,-0.0394139685408767,0.0289095763212521
286,-0.0070422826254129,-0.0054995555660386,0.0,-0.0066115943323128,-0.0139429059690127,-0.0210381353763981,0.0118578464507834
287,0.0313069046250441,0.0036697288889624,-0.0134833503372868,0.0082576852389816,-0.0079619294190372,0.0021969983205421,-0.0158419154656577
288,0.0915671935254904,-0.0392207131532812,0.0,-0.0132452267500206,0.030203638202745,-0.0007317965932141,0.0151868220914277
289,-0.0382212128201977,-0.0527981855669708,0.0134833503372869,-0.001668057100697,0.0069686693160934,0.014535139619113,-0.008225083382629
290,0.0096931292056597,0.0,-0.0134833503372868,0.009966859915392,0.0011357184639274,-0.0028901754222333,0.0134538534654281
291,-0.0393493387885476,-0.0080645598367304,-0.0045351551653913,0.0082304991365154,-0.0259356600461722,-0.0072621960417845,0.0266939792701277
292,-0.0236897711224046,0.031875208530449,0.0045351551653913,0.0178721247661218,-0.0564429810106444,-0.0029197101033347,0.1061853102990072
293,-0.0137933221323358,-0.0218046299668528,-0.009090971701252,-0.0032258092488826,-0.027771848712549,-0.0043956114730381,0.0530753813260202
294,-0.0139862419747398,0.0079840743482205,-0.0091743762760412,-0.0496790890330094,0.0189684906206545,-0.0014695079793599,-0.1354276413303403
295,0.0139862419747398,-0.0019900504080099,-0.0046189458562944,-0.0034013638234902,0.0252383629938591,0.026842380526864,-0.0600243991351687
296,-0.0281708769666963,0.0059583095836306,0.0046189458562944,0.0135365857175333,-0.0139729601621897,0.0021451563463879,-0.0652627056387555
297,0.0035650661644961,0.0078895872751629,-0.0092593254127967,-0.010135221894043,-0.0130630939747243,0.0419641990990322,-0.0853841930938703
298,0.0035524016043679,-0.0059113472630571,0.0092593254127967,-0.0398321054484038,-0.0048560622655405,-0.0048060511320991,0.0604895931226323
299,-0.0251359732715422,0.0039447782910163,0.0091743762760412,-0.0088731726804864,0.0,0.0271571339689075,-0.0551481077022982
300,-0.0146522767868703,-0.0198813705538289,0.0090909717012521,-0.0017841217935014,0.0132635268534166,0.0093334010873049,-0.0192091961053684
301,0.0326707822895487,0.0040080213975388,-0.0136676387286638,-0.0053715438019108,-0.0056431228137263,0.0203619514390938,-0.0058354571350615
302,0.0453830058478177,0.0158733491562901,0.0,-0.0108304307743695,0.0023436972194983,-0.0104576116439581,0.0019489384457807
303,0.0,-0.0138753464936169,0.0045766670274116,0.0054298775943692,0.0159828550840856,-0.0006572461623383,-0.0046838493124264
304,0.0068027473227526,0.013875346493617,0.0,0.0196610443991569,-0.0025781953354447,0.0098136214483246,-0.0245556892574435
305,-0.010221554071538,-0.005923018303122,0.0,-0.001771479648382,0.0109453156743393,0.0090732962056747,-0.0032128541693253
306,-0.0103271141558496,-0.0119523335238411,-0.0045766670274117,-0.0233194423451441,-0.0184462032124613,-0.0261452801043223,-0.0236071198912674
307,0.0,0.0,-0.0232028970796638,0.0162019745762804,-0.0129514072680403,0.0046250495395621,-0.0053685860927158
308,-0.0174524499512261,-0.0080483331828283,0.0,-0.01257878220686,-0.0087750406374408,0.0124469343590852,-0.0087336799687545
309,0.0,-0.0162936394861005,0.0139862419747398,0.023236076680848,-0.0094174566275447,-0.0514303651848317,-0.0046054090191763
310,0.0,-0.0249493190479486,-0.0139862419747399,-0.0178257839526003,-0.033604540530711,-0.0513293687729372,0.0025146702270674
311,0.0243490290102865,0.014629310015959,0.0093458624182375,0.0071684894786124,0.0835977386410785,-0.0182021770983823,-0.0190159966289063
312,0.0068493418455747,-0.0125262598191803,0.0,0.0281708769666962,-0.0102620398269986,-0.0133138061282285,0.0122961057388604
313,0.0101868453069929,0.0371176629565023,0.0046403795565023,0.0051948168771039,-0.0020379057389204,0.1118916358008425,-0.0071897116642862
314,0.0332256476283203,-0.0040568006956143,0.0046189458562944,-0.013913267916985,-0.0004080799893398,-0.0317916527184871,-0.0029755601125644
315,0.0097561749453646,-0.0040733253876358,0.0,0.0,0.0081301260832503,-0.0201325786313516,-0.0064061718124115
316,-0.0064935293105483,0.0,0.0362030486639606,0.0327333272437548,0.0176569595281697,-0.01911562630876,0.0042753378504019
317,0.0631124233100562,-0.0061412680220824,-0.0089286307443013,0.0134682170508666,0.0159161531521018,-0.0028632804100151,0.0029818978431662
318,0.0091324835632724,-0.0020554991820959,0.0044742803949211,-0.0050293484050019,0.0303326171940148,-0.0129871955268111,-0.0046898401883223
319,0.0,-0.0041237171838621,0.017699577099401,0.0067001925698195,-0.0019007798918082,0.0122700925918141,0.0042643987864575
320,0.0588405000229333,0.0325231917055601,0.0595920972022456,-0.0219418085384367,0.0239374798182465,-0.0028735651957318,-0.0021299262578248
321,-0.0438026226583928,-0.034591444769619,-0.0336166107989849,0.0185973238155894,-0.0018593125901833,-0.0101230076314484,0.0
322,0.0029806281381377,0.002068253064059,0.0,0.0297051544139159,-0.0168912367551926,0.0029027596579614,0.0038306069398424
323,0.0,0.0082304991365154,0.0085106896679088,-0.0048899852941917,-0.0105284158932043,0.0043384015985981,-0.0038306069398423
324,0.0578195708888262,0.057727468655282,-0.0042462908814512,0.0032626456348163,0.0025471231295287,0.0164583321488317,-0.0029895388483659
325,0.0111733005981252,0.0323529644517656,-0.0171678036223653,-0.013114942077828,0.0147720633264753,0.0889021835089947,0.001282325458897
326,-0.0055710450494553,-0.0265670273847217,-0.008695706967554,0.0016488049901838,0.0051253315522792,-0.0249848630835948,-0.0008547009067316
327,-0.0398913290273019,-0.0135529664047035,-0.0043763745997987,-0.0216494716968533,-0.0072581973002976,0.0725374033326767,0.0080903145131371
328,-0.0205587270210366,-0.005865119452398,-0.0221738574943219,-0.0033726844786392,-0.0055415758941866,-0.0181198334619635,-0.0128042722459877
329,0.0349889918500653,-0.0359320092260633,0.0044742803949211,0.0117549632314436,0.0114272606576063,-0.0044233879391513,0.0021454631701015
330,-0.0028694424279528,0.0161293819298834,0.0088889474172462,0.0,-0.0025003138416403,-0.0025364629959086,0.0017130625174279
331,0.005730674708985,0.0039920212695374,0.0262023723940239,0.0083125998193655,0.0203203621808689,0.0025364629959087,0.0055472725993466
332,-0.0202027073175194,-0.0019940186068643,-0.0262023723940239,-0.0217581805287168,-0.0271026037024012,-0.0172473135124779,0.0021253993123135
333,0.0029112102074585,-0.0160969270421747,0.0175443096509095,0.0151136378100481,-0.0185708720405609,-0.0012894908298717,-0.0008496177231556
334,0.011560822401076,0.0020263431452324,0.0,-0.0134230203321406,-0.0061816037152351,0.0006449532632463,0.0130886394578778
335,-0.0115608224010759,0.0200407508834461,0.0215062052209636,0.0217218231468357,0.0037392861569796,0.0216845231348421,-0.0046247717494768
336,0.0,0.0427249446663413,0.0168780377873517,-0.0016542600960264,0.0113892075044818,0.0,0.0253810171117088
337,-0.0058309203107932,0.0094608085042288,-0.0126317469059004,-0.0083125998193655,0.0063419796532422,0.0018909554957001,0.00696010998064
338,-0.0117648415795863,-0.0037735893836394,0.0042283361095211,0.0049958471933716,-0.035782453229784,-0.005683627551439,0.0297449581813477
339,-0.0089153636579523,0.0112783150377072,-0.0084746269909722,0.011560822401076,-0.0007865758140208,-0.0159594833280492,-0.009950330853168
340,-0.024170360927813,-0.0056232575543621,0.0084746269909722,0.0081766604372455,0.0019652806849538,0.0285461819063615,-0.0072260450917396
341,-0.0092166551049239,-0.0018814680997056,0.3340582342419317,-0.0098200461809754,-0.0010476690324436,-0.0304785496574154,-0.0415441192776896
342,-0.0637158143861077,-0.028655255760376,-0.1496291951084124,-0.0216134764205373,-0.0572971582036814,0.0025756614367956,-0.0354813880781617
343,-0.0368550923891544,-0.0806889112501427,-0.0540672212702758,-0.0499673273424468,-0.0079404192363877,-0.0188256127689321,-0.0157898017326353
344,0.0628305787924151,0.0371176629565023,-0.0300774552372779,0.0364307416249135,0.0303053494953288,-0.0428445715346784,0.003089828103776
345,-0.0425596144187958,-0.0020263431452324,-0.0310102367425603,-0.0137223422551012,-0.0250047372799326,-0.0362156569375099,-0.0097432125945126
346,-0.1282895412129219,-0.0714589639821449,-0.0692741258834053,-0.0623532307170525,-0.0455400258860834,-0.0494286658405867,-0.053004640086712
347,-0.0038095284166677,0.0236824846435591,-0.0299808322119357,-0.0355509842643188,0.022744610808406,-0.0310278390191219,0.0449617012872517
348,-0.0076628727455691,0.0355314283784856,0.0,0.0038022859497384,0.0181938591647789,0.0317727180107324,0.0026881736618003
349,-0.0155041865359651,0.0040983663922821,-0.0674412807955325,-0.0114505067879953,-0.0346970678991569,-0.0059746256888876,-0.0044843124473285
350,-0.0439192339348354,-0.0853396017326177,-0.0187798946515962,-0.0154741965825973,-0.0917713756923743,-0.0227282510775561,-0.0254906837734661
351,0.1191426551724229,0.0873825033624179,0.0463045680416863,0.056833474763166,-0.0026999142899774,0.02497292093138,0.0064338457230694
352,-0.0072727593290798,-0.0164612770540719,0.0179377006866672,0.032611585588761,-0.0285526292141269,-0.0075019106517946,0.0100274313310024
353,-0.0221411258772135,-0.025211419346496,-0.0179377006866672,0.0106383982050555,-0.0297290016370928,-0.0305834233720802,-0.0063694482854798
354,-0.0264665731881632,-0.0750904513550699,-0.02752467339009,-0.0340840167797363,-0.000168591419096,0.0230248083981536,0.0009124088224217
355,-0.03509131981127,-0.0185190477672376,-0.0330999484263448,-0.024008540052009,-0.0423617056540901,0.0291609447724164,-0.0198026272961797
356,0.0465200156348929,0.0093023926623136,0.0190481949706944,0.0790357306769885,0.0143208874307761,0.0218667604799625,-0.0098154562282289
357,-0.0076045993852193,0.0023121397583793,0.0,-0.0069324367756447,0.0053610158661881,-0.0043352669055394,0.0149186916134064
358,-0.0076628727455691,0.0160369989098171,0.0093897403498389,-0.0157759625941675,-0.0084871038583099,0.0021699827683227,0.0018492839297042
359,0.1726596458822177,-0.0091324835632724,0.0093023926623136,0.0261566786487282,-0.0012183449422816,0.0737982627618899,0.0041484272445645
360,-0.0843670387365394,0.006857169726137,0.009216655104924,-0.0086430961560199,0.0022614604749738,0.0026809667532577,0.0114339228736064
361,0.0311983708558613,-0.004566217979581,0.0136676387286638,0.012079525654601,0.051640757907377,-0.0073900235548305,0.0077010573124131
362,-0.0241807981972147,-0.0138251049918424,0.0,-0.0017167386190545,0.0096888843991803,-0.0163157936151464,0.0058492855186945
363,-0.0392207131532812,-0.0450847407542213,-0.0136676387286638,-0.0034423441909727,-0.0054076330056241,0.0034211459984711,0.0217448106212586
364,-0.003642991278501,0.0048426244757879,-0.0092166551049239,0.0153980801111216,0.0132214445345763,0.0081633106391608,-0.0092613671895918
365,0.0072727593290798,0.0096154586994419,0.0,0.0168354144638625,-0.0092857228258518,0.0020304575503821,-0.0026619359108034
366,0.0285733724440559,0.032944155719354,0.0183491386681964,-0.0016708441648176,0.0171998398818424,-0.0108770616906754,-0.0120671855362592
367,0.0548082364949949,0.0023121397583793,0.0180185055026782,0.0165841280155352,0.0006432936857417,-0.0061707429266597,0.0147291214470626
368,0.0519597389307109,-0.0186485590780729,0.3345571386851134,0.006557400546159,-0.0083952704900597,-0.0082873402485702,-0.001330082217814
369,-0.003169574761279,0.3347901504382281,-0.0291754891339315,0.0065146810211936,0.0259255998950563,0.0178698913295664,0.0070734158757266
370,-0.0127797266463988,-0.0990207592008605,-0.0540672212702757,-0.0032520353863773,-0.0088861263875984,0.0452807045331567,0.008771986072837
371,-0.0129451645920369,-0.0321085184084174,-0.0210534091978323,0.0081103445374536,0.0073050983902795,0.0155041865359652,-0.004815067302601
372,0.0097245498919947,0.0703994314017322,0.2131648512643135,-0.0048583091510762,-0.0011082087732774,-0.0103093696588612,0.0026292740826208
373,-0.0097245498919947,-0.0551610412967997,-0.102499283376794,-0.0032520353863773,0.0302675211273585,-0.0156661167443994,-0.0008756567985095
374,-0.0065359709797855,-0.0385404153077766,-0.0160003413464411,-0.001629992210931,0.0184245790514694,-0.0132452267500206,-0.0101255542634639
375,0.0032733253449691,0.0290436677705195,0.0160003413464411,0.0097403367483848,-0.0045365267579267,0.0132452267500207,0.0214497170881638
376,0.0129871955268111,-0.0329806807298589,-0.0192313619278876,-0.0179303907184291,-0.0062333915249073,-0.0172532481475594,-0.00826271280621
377,0.0160003413464411,-0.009910883899454,-0.0196084713883761,-0.0016460909066687,-0.023610386147014,0.0238106486937186,-0.0092126117684435
378,-0.0095694510161506,0.0118813278867526,-0.0301530381706875,0.0466697722806239,0.0159557253783788,0.010403214760886,-0.005302707962306
379,0.0032000027306708,-0.005923018303122,0.0,-0.038466280827796,-0.0083333815591443,0.0077319972833264,0.0245088854139036
380,0.0,-0.0019821612039912,0.0,0.0081367413930617,0.0020125403495385,-0.0116205310230187,-0.0012978587155999
381,-0.0161034075665787,0.0039604012160969,-0.0171530792262494,0.0048504541337494,-0.0258493283433228,0.010336009330662,-0.0012995453420856
382,0.0,0.0349550150335766,0.0701456093667597,-0.0064725145056174,0.0202661872896095,-0.010336009330662,-0.0170495933261109
383,0.0567975983931332,-0.0095878011551535,-0.0228394919698227,0.001622060371868,0.0108276386520633,0.0012978587156,-0.0119761910467157
384,-0.0248459985865307,-0.0155342929621841,-0.0200006667066695,-0.0130507561954908,-0.0105166450249261,-0.0012978587155999,0.0066711388170226
385,0.2294131643278051,-0.0039215736531818,0.0200006667066696,0.0,-0.0098430604874364,-0.0091324835632725,-0.0097996329888034
386,-0.1743533871447778,-0.0019665689720408,-0.0267574491695493,0.016287004974699,0.0012552959439058,0.0013097578820635,0.0008948546458437
387,-0.0550597771830274,0.0291000164864409,0.0168071183163811,-0.0179303907184291,-0.0018835353237647,0.0026143805740708,0.0106762579913418
388,-0.0516243654053071,-0.0076775808990341,-0.0134230203321406,0.0098200461809755,0.0093823987719137,-0.0144644204915666,-0.003102151834087
389,0.0229142595228758,-0.0038610086574594,0.0067340321813441,0.0016273396593754,-0.0015576327136837,0.0039656363933468,0.0167257420212509
390,0.0318498258870991,0.0,0.0033500868852818,-0.0163938097756763,0.0021800070919498,0.0,-0.0070083510684446
391,-0.0189879122446913,-0.0077670293376596,0.0132892321186827,-0.008298802814695,0.0063571033532594,0.002635047638005,0.011363758650315
392,-0.006410278360919,0.0,-0.0132892321186827,0.0,-0.0041818383563038,0.0026281224062694,-0.0065402456806098
393,0.0,0.0,-0.0033500868852818,-0.0033389012655145,-0.0010870410263685,-0.0013131978249604,0.0095777832732342
394,-0.0064516352814887,-0.0078278286202467,0.0033500868852818,0.0099834439841832,-0.0092094617970022,-0.0039499722193141,0.0298784496227369
395,0.0032310205814465,0.0039215736531816,0.0033389012655146,-0.0033167526259939,0.0012537221513679,0.0013183917532582,-0.0016835020811137
396,-0.0228394919698227,-0.0039215736531818,-0.0134230203321406,-0.0116960397631912,-0.0031372574751327,-0.0039604012160969,0.0054610511692166
397,0.0098522964430116,-0.0078895872751629,0.0,0.0050293484050019,0.00251059287684,0.0052770571008438,-0.0020968764235846
398,-0.0264916154469763,-0.0019821612039912,0.0033726844786391,-0.0117747365445335,0.0031294032736565,-0.0212773984472849,0.0256955703762406
399,0.0426994256738296,0.0,-0.0067567824628797,0.0117747365445335,-0.0072123235184489,0.0239055208535543,-0.0041000467440134
400,0.015949301407678,-0.0059701669865037,-0.0170944333593,-0.0117747365445335,0.0039261927152811,-0.0105541876786902,0.0081833517233842
401,-0.0127390257774297,-0.0181273845925566,0.0034423441909729,0.0,-0.0001567520968802,-0.0106667678041951,-0.0053115548778966
402,-0.0129034048359078,0.0591888713903306,-0.0068965790590604,0.0134455807093511,-0.0042416213149836,0.006680051560374,-0.0265686030327661
403,-0.0097880063661628,0.022728251077556,0.0,-0.0356877294430719,-0.0145895388328273,0.0013306721857051,0.0179283517905382
404,-0.0098847592325419,-0.0637897378753299,-0.0104348772925795,0.0051768881795337,-0.0288465958568342,-0.0080107237460789,0.0057684543967404
405,-0.0133335308694651,-0.0222007099801925,0.0,0.043778034207587,-0.020430907490331,0.0026773777707163,0.0024620447397751
406,0.0066889881507967,0.0121705356202551,0.0173314563516399,-0.0066115943323128,0.0233860894144236,0.0013360055427421,-0.0008200082460307
407,0.0,0.0080321716972642,-0.0034423441909729,-0.01672279772946,0.0131912994978706,0.0079787657318053,0.0016393446294329
408,0.0,-0.0040080213975388,0.0102916860365477,0.0100671991177239,0.0204971147115361,0.0052840281466052,-0.0152674721307884
409,-0.0033389012655145,0.0020060187268657,-0.0068493418455747,0.001668057100697,-0.01678294007438,-0.0079365495957363,0.01731288090281
410,0.0,0.0099701723198498,0.010256500167189,-0.001668057100697,0.0118572131054693,-0.0013289038500537,0.0028565618281852
411,0.0,0.0079051795071132,-0.0068259650703998,0.006655598611736,0.0136056520557786,-0.0026631174194836,0.0048780584534327
412,-0.0033500868852819,-0.0098912774787426,-0.006872879287762,-0.0016597514183643,-0.0050409684567747,0.0013324452337786,0.0064672820402629
413,-0.006734032181344,0.0,0.0170944333593,0.0148395138627742,0.0084919522738245,-0.0080214333845752,0.0052240424210665
414,0.0134230203321407,-0.0019900504080099,-0.0170944333593,-0.0082169731022808,0.0006261740968532,0.0238738129048975,0.0135352384843462
415,0.0230652729309961,0.0177694705119752,-0.0069204428445737,0.0098522964430116,0.0201401075491182,0.0233171185552289,0.0168598386875448
416,-0.0065359709797855,-0.0039215736531818,0.0,-0.0148150857851407,0.0010730437145188,-0.0064226296564672,-0.009767610378053
417,-0.0065789710980425,0.0,-0.0034782643763249,0.0115417604401715,-0.0013798392377106,-0.0142766863566829,-0.0063017144343329
418,-0.0132892321186827,-0.0019665689720408,-0.010507977598415,0.0081633106391608,-0.0047674061844514,0.0384662808277961,0.0031558211595544
419,0.0099834439841832,0.0019665689720408,0.0139862419747398,0.0016246957270019,-0.0163186463748665,-0.0012586534071961,0.0019673427553344
420,0.0033057881344994,0.0039215736531816,0.0,0.003241493924171,-0.0088134029725946,0.0025157245972473,-0.0122603869164205
421,-0.0033057881344995,0.0116732843047248,0.0172121288811214,0.0144580831752299,0.0072452671643449,0.0406209692909118,0.0106868224689899
422,0.1388977625719895,0.0057859370670439,0.0881483867767049,0.001593625835278,-0.0018850146957713,0.0413526136687606,-0.0027597100109069
423,0.0114614435190065,0.0057526524894498,-0.0189280098855189,0.0031796529173798,0.0004715868986243,-0.0175135824927083,-0.0143143597219021
424,0.0253178079842897,-0.0057526524894498,-0.0192932029346787,0.0204249048520409,0.0092296314166671,0.0047003611803318,-0.0020044103724294
425,-0.0310321092477285,-0.00385356931599,0.003241493924171,-0.0140957698003935,-0.0076592793351651,0.0081728417558743,-0.0125178295162878
426,0.0282504662858516,0.0057747994938839,0.0064516352814888,-0.0079176977367854,0.0004706251557568,0.0023228814161397,0.0048642171303604
427,0.0193109449130873,-0.0096432762718042,-0.0032206147000422,-0.0176427992427497,-0.0028270789993029,-0.0390351155283982,-0.0028345837971266
428,-0.0193109449130873,0.0038684767779203,0.0064308903302903,0.0096619109117368,-0.0056782486951849,0.0072115697155606,-0.0101896133313295
429,-0.0112045990128631,0.0019286409064056,0.0063897980987709,0.0190481949706944,0.0122623765722002,-0.0035992840296468,0.0468179117458279
430,-0.0170458672729886,0.0076775808990343,0.0,0.0263785659363088,-0.0003125488382999,-0.0024067400305649,-0.0102161988747212
431,0.0638219320707194,-0.0038314223115559,0.0031796529173798,-0.0232388459316411,0.0034326761745434,-0.0060423144559625,-0.0135190925785437
432,-0.018996500690655,0.0038314223115558,0.0,0.0232388459316411,-0.0043709092378962,-0.0171153322192679,-0.001201682499904
433,-0.024966622730461,-0.001913876182284,-0.0063694482854798,-0.0169888255864698,0.0037476621002397,-0.0136563264474856,0.001201682499904
434,0.0139472274808505,0.0152094186635287,0.0,-0.0031201273362436,0.0066796364861224,-0.0025031302181184,0.0139139593161522
435,0.0137553750684854,-0.0018885746878681,0.0063694482854799,0.0077821404420549,0.0009285051734851,0.0124534610712865,-0.00158040333171
436,-0.0109891215755952,0.0,0.003169574761279,-0.0187798946515963,0.0206666368085591,0.0135220253319739,-0.0063467091263729
437,-0.0027662534928901,0.0075329923075452,0.0,0.0172283039601773,0.0006058770255016,0.0012202564052293,-0.0011945054177626
438,-0.0027739268827252,0.0,-0.003169574761279,-0.0109290705321903,0.0090443788066599,0.0,0.0110936161485034
439,0.008298802814695,0.0018744147943503,0.0250796843970233,0.0078186481177977,0.0342216284968503,0.0109158148769961,0.0272072747722105
440,0.0027510333718897,0.0111733005981252,0.0802808312608028,0.013921338518608,-0.0033408412219237,0.0131817367020642,0.0007665772701954
441,0.0,0.0073801072976224,0.0364696797813914,-0.0154801852878991,-0.0187992024797489,0.0047506027585977,-0.0080785205652015
442,0.0054794657646255,0.0272002262991565,-0.0364696797813913,0.0124032597834199,0.0117908514113041,0.0349278810595784,0.0073119432950061
443,-0.0027359798188747,-0.025363678491855,-0.005730674708985,0.0015396461855928,0.0024877454843895,0.0270896926466642,-0.0088581361040141
444,0.0027359798188748,0.0127622516138512,0.0170944333593002,-0.0046260683887821,-0.0091029846031086,-0.0123250859926201,-0.0054305796766399
445,0.0054496047675646,-0.0406710397309278,-0.0028288562004777,-0.0140080111561107,-0.0154580961527155,0.0,-0.0228176697222973
446,0.3871830632707153,0.0037664827954768,-0.0523375251082302,0.0262969522904621,-0.0411278631427041,0.0,-0.0176640481984127
447,0.2839852105704548,0.0093546051672203,0.0059523985272953,-0.0076628727455691,0.0003121098652052,0.003376480416606,-0.0016214028683889
448,-0.251314428280906,-0.0056022555486698,-0.0089419373756613,-0.0077220460939102,-0.0024996107375,0.0078343993326105,0.0028357321007907
449,-0.0896121586896871,-0.0037523496185503,-0.0090226175996374,-0.0093458624182376,-0.0021922965247715,0.0165841280155352,-0.0016194335523028
450,-0.0378154509968176,0.0167757895048372,-0.003025720916537,-0.0031347988053715,0.022936074393262,0.0087336799687546,0.0104797412147033
451,0.018090945649039,0.0036900410874537,0.0,0.0248074737042676,0.0221221142683891,0.0,-0.0104797412147032
452,-0.0385834660391564,0.0164387263431599,0.0030257209165371,-0.0107776254938292,0.0002996703648438,0.0054200674693391,0.007669058778126
453,0.0245411089161176,-0.0090992438551141,0.0326923616855423,0.0046332129214881,0.0085030720422463,0.0107527917762619,0.0
454,0.0239532410224928,0.0054694758045352,-0.0029282597790884,-0.0015420203518153,0.0045943022642434,0.0398375528973179,0.0012055456553486
455,0.0019704439872987,0.0036297680505787,0.0087591800898815,0.009216655104924,0.0193299326524622,0.0412741019651235,0.0040080213975388
456,-0.0218914214818531,-0.0219789067187753,-0.0116960397631911,0.0076161830453085,-0.0257083567102069,-0.0199209774945544,-0.000800320170769
457,0.0623984057616706,0.0183491386681966,0.005865119452398,0.0090635061533469,0.0535971860089778,-0.0203259030140389,-0.0092500156827323
458,0.0937623249936119,0.0357180826020792,0.0087336799687544,0.1216186111082805,0.0102435470882779,0.0061412680220824,0.0434851119397388
459,0.0068610903799451,-0.0052770571008436,-0.0058139698654199,-0.0283611176216979,-0.0043371876314202,-0.0020429016298002,0.0229455573498703
460,-0.0312525435041044,-0.0106383982050557,0.0087083278917844,-0.0110193952496105,-0.0054833177809442,0.0030627895305457,-0.0213993645408621
461,0.0192145649446254,-0.0107527917762618,0.0256790144176914,-0.0153527090895853,-0.0073581766829535,0.0040691816067257,-0.0132194771137327
462,0.0154509511557188,-0.0054200674693391,-0.0199153097009415,-0.0056417639066681,-0.0012790451541202,0.0090955654844851,0.0093495032435398
463,-0.0189171591322052,0.0,0.0028694424279529,-0.0056737740859078,-0.0024204468284516,0.0080160749882361,-0.0136640814213318
464,0.0034662079764863,-0.0018132371241808,-0.0086331471447027,-0.0157709361929953,0.0079511990676794,-0.0009985023295896,-0.0150497890039991
465,0.0068965790590604,0.0090334850976678,-0.011628037995119,0.0,0.003811141602201,-0.0191634709607546,-0.0003991219370484
466,0.0017167386190545,-0.007220247973487,0.0087336799687544,-0.0043446846040109,-0.0055096558109695,0.0181639706276711,0.0067635030058996
467,0.0320702589583286,0.0,-0.0029027596579614,0.0086705745511335,0.0206106139125663,-0.0030045090202987,-0.0007933360193958
468,0.0934963945428651,0.0,0.0057971176843259,-0.0043258899471226,0.0060874565406819,0.0010025063496255,-0.0027816429618768
469,0.0371237878741988,0.0018099552452393,0.0,0.0,0.0044040808866582,-0.0080483331828283,0.0157918796978917
470,-0.0386377927054139,0.0036101122240997,-0.0087083278917844,0.0228581380760501,-0.0006868603882923,0.0110498361865849,-0.003531492781471
471,-0.0015163005179639,0.0,0.0,0.023727561160955,0.0133772128609342,0.012903404835908,-0.0086854079351479
472,0.001516300517964,0.0178576174000064,0.0029112102074585,0.0082418048951037,0.0090437276985472,0.0049188490715962,0.0059300430744169
473,-0.003034903695154,-0.0053238812527498,0.011560822401076,0.0336279164297544,-0.0034998016608766,-0.0059055289740414,0.0015754237208822
474,-0.0106952891167479,0.0176371414861068,0.0366754785584067,-0.0133157759757721,-0.0004046125889712,0.0146989417664272,-0.0015754237208822
475,0.0212773984472848,0.0258858284482985,-0.0055555698446021,-0.0080754140055454,0.000809061532806,-0.0276151670329733,0.0011818004133003
476,-0.0151518050206022,-0.0137223422551013,-0.0168543315549821,-0.0246250473053891,0.0113919344965347,0.0009995003330834,0.0051050572289016
477,0.0045696956900652,0.0103093696588612,0.0196359745168589,0.0367138446243932,-0.0283841193174351,0.0029925209364539,0.0182423067680895
478,0.0358247265181448,-0.0051413995004186,0.008298802814695,0.0132627938784103,0.0009592326874601,-0.0069965302898361,0.0
479,0.0597617345422542,0.0051413995004186,0.0109590137897196,0.0013166558847469,0.0,0.0030045090202987,0.0049875415110391
480,-0.0223472986919966,-0.0172418064345061,-0.0054644944720788,-0.0079260652724207,-0.0028804628653541,-0.0010005003335835,-0.0038343605260471
481,0.005633817718256,0.0425596144187959,0.0027359798188748,-0.0079893900334788,-0.0092459086870589,0.0069825720111309,-0.0084877052759514
482,0.0069979291876446,0.0800427076735363,-0.0054794657646257,0.031581572050299,0.0019390587793085,0.0569927274838408,0.0034809549749695
483,-0.0211424365738092,-0.0139429059690128,-0.0222231367847101,0.0,-0.011971189733871,0.0323353806429364,-0.015172436551772
484,-0.001425516991221,-0.0125590347764937,0.0139472274808505,0.0103093696588612,0.0090611897589286,0.0090498355199178,-0.0003920799893395
485,-0.0071582267001704,-0.0127187724077746,-0.0083449719321807,-0.0012828738128891,0.0015253417642345,0.0053908486348763,0.0305101865774091
486,0.0085837436913914,-0.0080321716972642,0.0055710450494554,-0.0116205310230187,-0.0044438345591479,0.0472528848505453,-0.0203657375056367
