,CCLDO,AEP,FNRN,EZPW,BLTE,ETON,CTDD,SENEB,CDZIP
0,0.0016765069782086,-0.0174545793326683,-0.0044494455061201,0.0398603978249783,-0.0198681317569462,-0.0093604337072803,0.0,0.0042194451140053,-0.0497859868466094
1,0.0050127225633724,0.0215246612239929,-0.0011154616427044,-0.0179216090043126,-0.1041844185859566,-0.0157981014050666,0.0039919330037504,0.0,0.0041752565577897
2,0.0049876289223102,0.0161176662407662,0.0,-0.0090827490337824,0.0678579895893949,-0.0258079360643415,-0.009004363497092,0.0,-0.0125786414121958
3,0.0148149821407315,0.0196696488419133,-0.001116589809219,0.0216614762707176,-0.034399928402324,0.0416060374694081,0.0,0.0,-0.0008442975606651
4,0.021019409213792,0.0082790053645142,0.0,-0.0035778179907354,0.0309257229584766,0.0186340616074451,-0.0121335811965856,0.0,0.0042140684603269
5,0.0529719803105548,0.0077438400111343,-0.0169018815562522,0.0273990111414928,0.0705384801249407,0.0091884173317751,0.0141416856760201,0.0,0.0092088705125339
6,0.0090633315962338,0.0094225292664941,0.0,0.0026120809472968,0.0072708131293054,-0.0215724646477048,0.0030043260139073,0.0310905740948702,0.0008330450152121
7,0.0,0.0056573196918548,0.014664719162629,-0.0381083162164805,0.0193974339528557,-0.0284379838841076,-0.010050229233445,0.0,-0.0167928510881689
8,0.0183272107527567,-0.0185922649244676,0.001119206808628,0.0258596639182074,0.0450236813739551,0.1005412797230262,-0.0152676055185192,0.0037345353414501,0.0176253045910051
9,0.0113045105210651,0.016402489341128,0.0,-0.0159718880473971,0.0292534568600122,0.0200867393267664,0.008171823062037,0.0,0.038596465446685
10,0.0,-0.0074119797093878,0.0,-0.018051100632831,-0.0080952689358911,-0.0056980156960336,0.0,-0.00373453534145,-0.003447901092614
11,0.0,0.0243440046091398,0.0055772044836013,0.0045434146653867,0.0102917347792965,0.0501498018260154,0.0020324757419703,0.0,-0.0211044737504664
12,-0.0014608120307096,0.0011338308592215,0.0,-0.0454412695621311,0.0019483205724223,0.018843069660936,0.0111054870660724,0.0,-0.0032869040892344
13,-0.0296758546702455,0.0039582215493893,0.0044395686804044,-0.0104912412218552,0.049832428534519,-0.0107239530807729,0.0060061230853048,0.0,0.0283992890790671
14,-0.029031868506672,0.0023673414225162,-0.0100167731640058,-0.0106025677899839,0.0023121044778953,0.0107239530807729,0.0119048682572875,0.0,-0.0136932071622102
15,0.1373999555506567,0.0118650513373621,0.0,0.0057971582807596,-0.0023121044778952,-0.0080321640063423,-0.0019742904460062,0.0069485891518872,0.0136932071622102
16,0.0118217053383072,0.0078690488432726,0.0,-0.0038610049255467,-0.0093024281486371,0.0,-0.0169410825080429,0.0,0.0
17,0.1224021248529699,0.0138390380448272,0.0,-0.0009676080914527,-0.0070340088316916,-0.0782521879568158,-0.0141703145505942,0.0,-0.0202024474181187
18,0.0169883427051186,0.0072305660560574,0.0,-0.0067994136950853,-0.0106447076550397,-0.0029112073785716,0.0071101980910732,0.0090787597303125,0.0065092402559084
19,0.2091047544234855,-0.0009828157885889,0.0,0.0048614766780441,-0.0087179834682663,0.0343873094147021,0.0070601164595211,0.0,0.0056611579175565
20,0.0722548753332857,-0.0080083119663864,0.0,0.0029055451084937,0.0075282334763033,0.0222850897478908,0.003010472220887,0.0,0.0037831379779551
21,0.0169530637792672,0.012913292827076,0.0133334467516511,-0.0126522479245218,0.0106573124466486,0.0054945139192807,0.0059938912762049,0.0,0.0014451297178969
22,0.0339018403270372,0.006178406771823,0.0,-0.0049092087809679,-0.001556024841262,0.0,-0.0019938588003302,0.0,0.0169436013276855
23,0.0148886908872756,0.0014037387326375,-0.0044247193344126,0.0068661080845094,0.0592247220386934,-0.0082531994982973,0.0041828558601757,0.0618151724631098,0.0204549521697791
24,-0.032882829959765,-0.0008635992167002,-0.0133930900797156,-0.0217399190239049,0.0042161079751844,0.0055097162443112,0.0007945296678712,-0.0272722891068703,0.0046262049486839
25,0.0207401560651443,0.0003241024430198,0.0,0.0039880372912306,0.005740760460937,-0.0138315318765596,-0.0049773855280468,0.0,0.0114722715107628
26,0.017873238295952,-0.0123847170926426,0.0056023182474723,-0.0079920427267007,-0.0086235891587537,0.0193109922723649,-0.0019980742034201,0.0072493393793288,-0.0114722715107628
27,-0.0181224230337773,-0.0243429853160399,-0.0056023182474723,0.0010024336982911,0.0119206913741177,-0.0165293518931716,-0.0110609355138044,-0.0374502265155521,0.0107117519397747
28,-0.0100250460780749,-0.0034781808689943,0.0,0.0218046571354607,0.0,-0.0055710398696598,0.0020202750182108,0.0297157447358123,0.0090907756212623
29,0.002515491259873,-0.0039416953855622,0.0,0.0039138956688909,-0.0004389916224608,0.0055710398696598,0.0060363344816864,0.0,-0.001509448059109
30,0.0008372468487491,-0.013061724888354,0.0,-0.0039138956688908,0.048005824790893,0.0273990135665587,0.005999884374681,0.0,-0.0144543154652836
31,-0.0084031562843518,0.007857564126692,0.0,0.0087848445480405,0.0198887656964899,-0.0218588383135034,0.004972665602703,0.0,0.0283303262983343
32,0.0274673228862506,0.0234300881809368,0.0100615671460785,0.019249854450386,0.0040941871187602,-0.0195264041688742,0.0846111130798898,0.0,0.0129512936927107
33,0.019512796710857,-0.0018852853193738,0.0,-0.0163386701070358,-0.0020450373098314,0.0222850897478908,0.0054544376158439,0.0,0.0275578408862916
34,-0.0056519934969737,0.0033247976005924,-0.0055772044836013,-0.0068060248977024,-0.0018440770627418,-0.0082988608320718,0.0285990004431377,-0.0500850898380279,0.0156141978231274
35,0.0620048813483354,-0.0159487574909942,-0.0214818911008777,0.0106744981076572,-0.0014366282002197,0.0110498914973663,-0.0133039779447135,0.0,0.0209067068239104
36,0.0150309323351048,-0.0028145971510644,0.0158732886017256,0.0057748399550221,0.0002054037648283,0.0,-0.0125788149807195,0.0,-0.0040772742119045
37,0.0145129728073356,-0.0045196948455558,0.0,0.0057415915660589,-0.0047339707126527,-0.0082759671830162,0.0027087451225849,0.0,0.0245559094062052
38,-0.0173658393975074,0.0028273290552896,0.0,-0.0202415666997906,0.0116912352549482,-0.0027739243143501,0.0103163371143913,0.0,0.0033727563522579
39,-0.0157613325144524,-0.0015821604387199,0.0,-0.006839366922636,-0.0049060130718511,0.0055401752530552,-0.003128476516987,0.0,-0.0081137914643163
40,0.0081389958616166,-0.0051029943059842,0.0111858069827533,0.0097562121628089,0.0237925526285225,0.0027586855790165,0.0008948347688131,-0.0249690249604735,0.0081137914643164
41,-0.0152674322479719,-0.0006823895787772,0.0,-0.0127016961912063,0.0024981277805352,0.0,-0.0071814083864595,0.0,-0.0006738398819985
42,0.0,0.0011370574043342,-0.0022271974466826,-0.0138616422114994,-0.002798310701984,-0.0194721510124062,-0.0120597555095348,0.0038287764178198,-0.0013485477166418
43,0.018293011936337,-0.0028449317730494,0.0,0.0177870605619784,-0.0072318639649759,-0.0608002114216917,0.008494714350019,-0.0267574574803633,0.0
44,-0.0463760454378484,-0.0022818058996845,0.0,0.0107160945693092,0.0010076182566945,-0.0272331249158497,0.0084229535878889,0.0239743656152793,-0.0273614876673378
45,0.0317685384432606,0.0037621135572216,0.0,-0.0136586893817687,-0.0148121478344898,0.0121952615695886,-0.011717989659707,0.0,0.0293838752659782
46,-0.2369767872574827,-0.0094895587442379,0.0,-0.0069000420267007,-0.0086224754459609,0.0120483272679741,0.0079832223559426,0.0,-0.0013478038468482
47,0.0494608598483407,0.0124438942780211,0.0022271974466825,0.0157020694397146,0.0026768484363782,-0.0060060184699918,-0.0009357969950319,0.0,0.0264179238995927
48,0.02040611323844,-0.0142835927862996,0.0,-0.0117534006087934,-0.0026768484363782,-0.0121213491473845,-0.0075189120545136,0.0,0.0073936600170806
49,0.0081191675594615,0.0031026420881257,0.0,0.0175786078413082,-0.0166323840546043,0.0240975290802104,-0.0219369994834112,0.0,0.011085664119801
50,-0.0592217265228812,0.0129943971437608,0.0,-0.0107056648422581,-0.0254791012955225,-0.0119761799328258,0.0038499013176688,0.0,0.0272821747424428
51,-0.0260757609245432,-0.0063622006346411,0.0066519836659964,0.0241674394830078,-0.0177917405648251,-0.00907720963835,0.0067016542000902,0.0170974144405615,0.0
52,-0.0383992178812179,-0.0052565883188404,0.0,-0.0124941665492969,0.0030600983365457,0.0328879064889039,0.0076047865191159,0.0,0.003757236512885
53,0.0065872346694115,0.0038881038906232,0.0,-0.0009676080914527,-0.0070083444081265,-0.0359320459979385,-0.0191210300234148,0.0,-0.0011256664444096
54,0.0030258853037412,-0.0006850384090322,0.0,-0.0077745701614624,0.0054794657646255,0.0030441395090345,0.0153260249455171,0.0,0.0011256664444096
55,-0.0019155125439612,0.0034203229829465,0.0,-0.0177170291593868,-0.0054794657646255,0.00907720963835,-0.0028559213032429,0.0,-0.0078025025769169
56,-0.008715106626342,-0.0085728897647726,0.0,-0.0079761066756632,0.0659111735528575,0.023810696850554,-0.0105415498967954,0.0,-0.0118188302042891
57,-0.0045904167820978,0.006636177437254,0.0,-0.0284282835175061,0.0122701394953993,0.0087848209692295,-0.0038609419127566,0.0,0.0111659231708863
58,-0.0492504855014203,0.0063659085872037,0.0,0.010246030119793,0.012121329705376,-0.0235999632715049,-0.0294428485430936,0.0,-0.003926729593849
59,0.0306742318434595,0.0289259091169723,0.02077701591137,0.0320990132061657,-0.0172155841479213,0.0235999632715049,0.0400249624173917,0.0,0.0045796366272518
60,-0.0221180760003845,0.0013202772621928,0.0,-0.0019763304841697,0.0042808970313144,-0.0058479641748745,0.0085754432343741,0.0,0.0434296358310052
61,0.0074270647417459,-0.0002200000332138,0.0423792541314572,0.0019763304841696,-0.003259983483304,-0.0207415351749171,0.0061480052221596,0.0,-0.0062696743265332
62,-0.0355066617455624,0.0099567888481519,0.02661373114618,0.0088452813458016,-0.0092261190878026,0.0721813973011195,0.0083574630383937,0.0,-0.0094786498175094
63,-0.0021929412641378,0.0180184245255403,0.0,0.0029310946807957,-0.0080653811906115,0.0,-0.0202143936976486,0.0,0.0
64,0.0021929412641378,-0.0003207209050788,0.0,0.0038948405543522,0.0101230421642185,-0.0485116052092327,0.0028587490293438,0.0,0.0010151933413512
65,0.0,-0.0037507670257422,-0.0010106227814408,-0.0285874531447237,0.0339495171728163,0.0231223951126832,-0.0143749925336427,0.0,0.0178531044485251
66,0.0687739266621614,0.0129075091398832,0.0,0.0099503686224472,-0.0079793265446568,0.0028530662653856,0.0038532880375942,0.0,0.0123842537940054
67,0.0,-0.0075536419207252,0.0010106227814407,-0.0019822065421142,0.0033989470095635,0.011331555294538,0.0047964376694258,0.0,-0.0242928344287528
68,-0.0164954720911896,0.0146297607544182,0.0,-0.0029806015907007,-0.0403231087245844,0.0,0.0142519617629309,0.0,-0.0223151946316102
69,0.0154721349020866,0.0085926714018609,0.0,0.0284472303536544,0.0047683214307074,0.0056179870367594,-0.006625745650238,0.0,0.0342237752663575
70,-0.0051305228115254,0.0063447436688181,0.0,-0.0019361533552127,0.0162071643320894,0.0027972020093997,0.0234642805225769,0.0,-0.0125392505452779
71,0.0041067028293879,0.0064077275456086,0.0,-0.0195700779311912,0.0087124512036549,-0.0112360627317487,0.0101523766917791,0.0270286462598562,-0.0210399579950776
72,0.084446513577729,0.0109625774657052,0.0,0.0253672362119508,-0.0164755356859781,0.0,0.0501447295186751,-0.0036734257862342,0.0
73,-0.0432967192891279,-0.0002038198035264,0.0,0.0038461548842174,0.0150623993846013,0.0168071026014087,-0.0310445575913957,0.0,0.0153455086093656
74,0.0009828906235263,0.0313027158262321,0.0,0.0066953569420587,-0.0195844504148927,0.0082988608320718,0.0388741722744346,0.000501757581492,0.011983765672992
75,0.0,0.0054177969583996,-0.0101523779663425,0.0538163185635683,-0.018925381921721,-0.0138699007017318,-0.0104530709072513,-0.013635450111639,-0.0416059930849353
76,-0.0380428907760847,-0.037332304854031,-0.0010209405314402,0.0063035461653321,-0.0339522334988726,-0.0169017949100491,-0.0411139624690492,0.0,-0.0198026659127675
77,-0.0150098291591059,0.0023427299438318,0.0,-0.0263771501730881,0.0013023131641185,-0.0056980156960336,0.0898207682710286,0.0,-0.0318347248754528
78,0.0,0.0129387516598868,-0.004094217355788,0.0326411253420418,0.0140013388314192,-0.0028612295484409,0.0591026714007688,-0.0255786273657082,0.0217844089153451
79,0.1476480673719707,-0.0154854677298711,0.0152675358535708,0.0115300712683183,0.0518920796690216,0.0365722552772388,-0.0150498595743046,0.0,0.0357181356511277
80,-0.0598427415794615,0.0038010904764248,-0.0020223743742587,0.0070298991532666,0.0048622028690806,0.0272496817518111,0.0071570753622632,0.0,-0.0006500131779149
81,-0.0047552388131957,-0.0040068679247592,-0.0081300035920838,0.0052401401079403,-0.0189743592499742,0.0080321640063423,-0.0039699654848054,0.0,0.0077720290159889
82,0.0858190169157769,0.0101398650777024,0.0,0.0095363195006029,0.0366030422730912,0.0053191564183196,0.028237382940371,0.0,-0.0012910616005652
83,0.0561373246132283,-0.0091109848503085,0.0,-0.0209248929800596,-0.0091761879597071,0.0741079631192928,0.0687349335502863,0.0,-0.0195700551602056
84,-0.0083058103442628,-0.0070176031385564,-0.0020430319555411,0.0043955444011139,0.0,-0.0123916611236913,0.010772131222311,0.0,0.0078739471444442
85,0.0,0.003927781216586,0.0,0.0344862256973978,0.0010014870324173,0.0049751296239747,0.0,0.0,-0.0131579797245319
86,-0.0008343602907836,0.0061702092221744,0.0121954099218837,0.0168071021524098,-0.0010014870324174,0.0024782545105231,0.0071174638120052,0.0,0.0066005923893105
87,0.0107927581493186,0.0010246631192007,0.0,-0.0227570261476529,-0.0062318297581765,0.0196084530537741,0.0060103344207467,0.0,0.0032840685740638
88,0.011494522144082,0.0037823569180109,-0.0020223743742587,-0.0025607981387621,-0.0076923673046429,0.0048426200028534,0.0038697217172349,0.0630050328848252,0.0065359578550536
89,0.0,0.0028526064419633,-0.0010125632159918,0.0042644150885827,-0.0063194085884952,0.0262232273489591,0.0097835500613712,0.0,0.0
90,-0.0096794152449084,-0.0004068643506982,0.0070671402161334,0.0084746591825099,0.0002044437466035,0.0660080207145142,0.0226891914990642,0.0,-0.0045708203272429
91,0.0055893276958219,0.0078064774056112,-0.0010065539028308,-0.0042283521370874,0.0018384266791295,-0.0044150140264977,0.0054236482516633,0.0,0.0003274570354021
92,0.0036819840206813,-0.0048591403250765,0.0,-0.0033955857023685,-0.0010209135480102,0.0,-0.0211828092659666,0.0,0.0042433632918407
93,0.0002448100021618,0.0,0.0070246935027274,0.0,-0.0016356951368091,0.0175442931386567,0.0065392609752031,0.0,-0.0066015909871783
94,-0.0204559617623637,0.0122045633250711,0.0372956862864717,0.0033955857023685,-0.0084249929298614,0.0,0.0085397002235361,0.0,0.0066015909871783
95,0.0487902123535068,0.0052991719824891,-0.0019286626121442,0.0349744279596433,0.0045295778923984,0.0,-0.0054570217064053,-0.0057306496535024,0.0
96,-0.0039762475051563,0.0127819014678066,0.0,-0.0256956050397706,-0.0059751061962924,0.0,-0.0708511188572992,0.0,-0.0190732601979309
97,-0.0023931657933407,0.0084313165948681,0.0,-0.0016806309778566,0.0004132326075603,0.0021716032074677,0.0445155988188331,0.0,0.0095821807822405
98,-0.0136713049538507,0.006519823735087,0.0,-0.001683540597219,0.0080238964254843,0.0,0.1308065446802515,0.0,-0.0029640360861026
99,0.0,-0.0102365355759436,0.0019286626121443,-0.0290618878589001,-0.0123712603399222,-0.0043478286544641,0.0091995213684417,0.0,0.004278510304217
100,-0.0127942234029227,0.0156535999918005,-0.0009637649475885,-0.029931826296912,0.0138046525406332,0.0172790307018367,0.0121362011162042,0.0,0.0003282517712777
101,0.0280616670943547,-0.0041569473034815,0.0,-0.008075342139645,0.0006137382590862,0.0232815023784847,0.0084083467755741,-0.0199011665932222,-0.0098977848787704
102,-0.0036749881673505,-0.0017451462925372,0.0009637649475887,-0.0200188907386666,-0.00430378569507,0.0020898130626227,0.0130722869770912,-0.0016764847088029,0.0019874254251173
103,0.0358471422056663,-0.0005824714599295,-0.0009637649475885,0.0082380466826082,0.0002054037648283,0.0062435602179554,0.0123204182493993,0.0058553457304773,-0.0013244852105686
104,0.0076922832447147,0.011392239009131,0.0009637649475887,0.0027309741694992,0.0024610129591218,0.0662227695166905,-0.0010766599586829,0.0107839736959625,0.0
105,-0.0218457745900422,0.0074598646267776,-0.0019286626121442,-0.0183491210075612,-0.0010246796056393,0.0657513590448328,0.0083432604222657,0.0049383318755852,0.0098912577475953
106,-0.0417429589185894,-0.007075884985798,0.0,0.0336854681205546,-0.0051392855977494,0.0392206764734992,0.0070964320395261,0.01951276459678,-0.0054610227214753
107,0.0750174629746019,-0.0095454344066926,0.0,-0.0235518340524425,-0.0043374865174293,0.032677036887488,-0.0112593285957892,0.0112090969573217,0.0005276623806566
108,0.0,-0.0144421132409717,0.0134231705358431,-0.0055146707139534,0.0049555720298681,-0.0016934385237673,0.0194754754953173,0.0,0.0121253006837432
109,0.0,0.0040218538280675,0.0,-0.0074005814730811,-0.002268288688284,-0.0848565375477167,-0.0005847523978898,0.0220481018353105,-0.0006516305702537
110,0.0098003662664318,0.0037130796295678,-0.0047733319348272,0.0229473115922338,-0.0045519922662285,0.0729211577480325,0.0023365162795564,0.0,0.0
111,0.0,-0.0109837048794299,0.0,-0.0266683312835529,-0.0152547001636977,-0.0138171324667017,0.001166182370352,-0.0494913219566648,0.0
112,-0.0104065822530535,-0.0025672211110286,0.0,-0.0084229977998938,-0.0217122285390994,-0.0318047700511482,-0.0023336627365659,0.0,-0.003264769297533
113,-0.0518839481070223,-0.0040616159888379,0.0,0.0037523459258857,0.0081440067494627,0.0195561177528753,-0.0117510951381558,0.0,0.0013071716065821
114,0.0600373917356747,0.0108600719948605,-0.0144580416593664,0.0130233831069896,-0.0064239887815777,0.0209067479267082,-0.004739222214544,0.0,0.0003264296451178
115,0.0,0.0074349031343686,0.0,0.0354099952734605,0.0070641807193857,0.0339015187903607,-0.0443168643406687,0.0,0.0016311680458331
116,-0.0344201538077257,-0.0037105418600218,0.0,0.0017824875007701,0.0080730681903858,-0.0151136636286424,0.0086526550866479,0.0,0.0006516305702537
117,0.0130661832501872,-0.0040190943768992,-0.0009714583821791,-0.01164358530285,0.0302200927798102,0.0050633374082148,-0.0318876378722815,0.0,0.0
118,-0.0442076958107202,-0.0043310055980698,0.0009714583821792,-0.0136057038411291,0.04397862451147,0.151260472689767,0.0441202217798246,0.0,0.0
119,0.0350248524344533,-0.0108109369326939,0.0,0.0402738830943919,0.0017666144501806,0.0129405333579188,-0.0067093962422035,0.0,0.0194051617471595
120,-0.0023282452791276,-0.0223868498277557,0.0,-0.0061592536320768,-0.0017666144501807,0.0419642252270952,-0.0399553593436992,0.0,-0.005982150652811
121,-0.0308517303825128,0.0014267992622866,0.0,-0.0133275732825814,0.0576384791108704,0.013605638815206,0.0170512028178209,0.0,-0.0033389370838443
122,-0.0021659107495974,-0.0048998971444527,0.0,0.0071301480149934,0.0198317525871492,0.0423343237618223,0.0718691582038253,0.0055492252835936,0.001671014267839
123,-0.0041847170278107,-0.0051300487329221,-0.0048662439279528,0.0106007957159766,0.0072464360637073,0.0141481633994756,-0.0129032928120719,0.0,0.0010009658790689
124,-0.049596987912817,0.0105389240547485,0.0,-0.0035211269991762,-0.0014451200161751,0.021479041420923,0.0117371104417199,0.0,-0.006022179555867
125,0.0201347993228069,0.0054811263769135,0.0,-0.0070796687168004,0.0086393544345118,0.0234723049498906,0.0020399275268136,0.0,0.006022179555867
126,-0.0228504076552913,0.0087680989728521,0.0,0.015859306233342,-0.0062921281590867,0.0265076092115044,0.0014546108309024,0.0394147747869724,0.0006669569369364
127,0.0077030446614403,0.0165193154310887,0.0,0.0181901979956567,0.0095127483546073,-0.0192082554946413,0.0184335994042362,0.0,0.0
128,-0.0299579194528026,-0.0040547874137562,0.0,0.0127934003680638,0.0003572148251135,0.0180184600896146,-0.0068729508351795,0.0,-0.0015344078666402
129,0.0500763826077081,-0.0021824719404812,-0.0048899370221283,-0.0170944166379507,0.0168220125546958,-0.0059700758884439,-0.0109795479484132,0.0,0.0008674509297036
130,-0.0133115489451847,-0.0052776180717725,0.0,-0.0095280590570657,0.0113488379210468,0.0107206743424859,0.0359526248351359,0.0,0.0
131,-0.0008377633633818,-0.0026993633808309,0.0,0.0189661089266927,0.0399883529888939,-0.0071343307398203,-0.006749251658676,0.0,0.0006669569369364
132,0.0041824609219604,0.0093663782356523,0.0,-0.0137577273856232,0.0805686877021948,-0.0302869905143328,-0.0067949900875465,0.0,0.0
133,-0.0762933498924627,-0.0143844587156193,0.0,-0.0113192425730484,0.0246249727332677,0.0073529089936337,-0.0189280335184988,0.0,-0.0026702724230426
134,0.0354015405076546,-0.0121470738583123,-0.0248152374950407,0.0130493039205178,0.0044944353072884,-0.0098160208356677,0.0200638769251442,0.0076378155294323,0.0093148860667444
135,0.0627709861498037,0.009326001985216,0.0,0.0255986841512744,0.0132157150056822,0.0375120115212151,-0.0229632737439191,-0.0153344165657595,0.0115881452497513
136,0.0085383423409571,-0.017506917301758,-0.0050377443966345,-0.0101609583902192,0.0289327133168126,0.0141511660183458,-0.0193499217561586,-0.0050584948730688,-0.0053165761408138
137,0.0096696878734026,0.0001027960997055,0.0030256487230519,-0.0085470933226414,-0.1418779608660868,0.0185620004033703,-0.013110856897607,-0.0219507163750252,0.0009867803939732
138,-0.0020871935604902,0.0137651314096541,0.0,-0.0138290753269525,0.095385268189205,-0.026792463546604,-0.0341704751358163,0.0014569027772224,0.0
139,0.0044900318627622,-0.01530651904576,0.030741173298734,0.0060738276026793,0.0482109454810692,0.0175545312090069,0.0024797880999107,0.0197011185429337,0.0188869111298863
140,-0.0060180893830958,0.0117558254925427,-0.0197245188473177,-0.0025985884217661,-0.0027219047042838,-0.0318234868516328,0.0600781351425033,-0.0066836367186899,0.0428122835287114
141,0.0028129316439983,0.0201215044583379,0.0059583761505734,-0.0034752391809131,0.0055790059084344,0.0083482527675137,0.0196312023208335,0.0058903127998407,-0.0003091409277231
142,-0.0028129316439983,-0.0422131819105635,-0.0049628447593846,0.0266224756950164,0.1455135718937379,0.0292589622769394,0.0392426293315638,0.0,0.0016681142795916
143,-0.0101114282399892,0.0008307134286665,0.0,-0.0085107221340052,0.0160277187523124,0.0,-0.0019259900860877,0.0,-0.0014825759950939
144,0.0113178760089339,0.010427678594461,0.0,0.0017079814313091,-0.0160277187523124,0.0126075776415073,0.0317142531658694,0.0,-0.0034679394610475
145,0.0167401587265648,-0.0198006151093284,0.0,0.0042571532317008,-0.030555876089534,0.1006799089981401,-0.0101906181891947,0.0,0.0004961063947166
146,0.289360549023573,-0.0165364063192551,-0.0049874923398777,0.0,0.0314188446862167,-0.057218991643537,0.001616063761717,0.0,0.0013630425203362
147,0.0382071760779331,0.0039724283700761,0.0,0.0067739396080826,0.0132209270427218,0.144916742517407,0.0064377987446707,0.0,0.0030913665410887
148,-0.0030242074401967,0.0045967188315143,0.0,0.0142440674178832,0.0172407699812586,-0.0132955748220159,0.0053332370013854,0.0,-0.0074350293972194
149,-0.0237070559769812,0.0268337658155636,0.0,-0.0083542991528585,-0.0102122122241848,-0.042975320942,-0.0031964813185785,0.0,0.0043436628561309
150,0.0125593701235339,0.0018672620078316,-0.0010006167376956,0.0116765580554242,-0.0006039188738896,0.0009974340091169,-0.0021367556828069,0.1124779834266903,0.0018559805567205
151,-0.0015030614127914,0.0021739227388523,0.0010006167376955,-0.0016597893808048,-0.0050879068233989,0.0457946818126457,-0.0058996126109912,0.0,-0.0018559805567205
152,-0.0137516862923563,0.0010336056954285,0.0,0.0041442405353795,0.0023048769472721,-0.0066889588913741,-0.0037726944764381,0.0,0.000619207511772
153,0.0019928373559081,0.013136587591227,0.0,0.0,-0.0009698368213987,0.0302194563015681,-0.0043288986533677,0.0107224803374411,0.0024721590293164
154,-0.0060493147535065,-0.0050084769836411,0.0,0.0413181669851056,-0.0272944603852312,0.0436829734141081,-0.0186104222936273,0.0,-0.0003087913845433
155,0.0002943392191977,0.0052123577380492,0.0,0.0015860038120415,-0.0628863979508156,0.0688147798018987,0.0098957598589932,0.0336675676317859,0.0101979043101753
156,0.0,0.0124603740195816,0.0,-0.0063593158820972,-0.1628156715501096,0.0343170998009683,-0.0021905839911891,0.0,0.0383129524867154
157,0.0,0.0056219662728464,0.0,0.0087336528550679,0.0520428677887453,0.0230260245877626,0.004376260992632,0.0,-0.0053082513356364
158,0.0,-0.0003005560228751,0.0,0.0117880008089134,-0.0639851585500867,0.0601627902682327,-0.0192896233405396,0.0,-0.0053364438337663
159,0.0070422771509676,-0.0165593718872659,-0.0140989759910771,-0.0117880008089133,0.0116298920149989,-0.0823859060257807,0.0290670088956265,0.0,-0.005664081841875
160,-0.0082209352266411,-0.0122927182987131,0.0,-0.0063441866937685,0.0155041865359652,-0.052730530261504,0.0107528056189014,0.0,0.004474260323485
161,-0.0124591989064367,-0.0079680936415812,0.0020262593910389,0.0055534175562706,0.0301560527357422,0.0308229229107948,0.0005346171098209,0.0,0.0118345166877927
162,0.0409412510207623,0.0123902878535781,0.0,-0.0103380731055915,-0.0299253195159537,0.0154663674303134,0.0032017144032868,0.0,-0.0005884012325941
163,0.0017178150908945,-0.0165547635098732,0.0010117515928178,-0.020186393597673,0.1344346685310993,0.0333629093262665,0.0021286797039726,0.0,0.0020578579387645
164,0.016172768742558,-0.0028208971298806,0.0,-0.0123104199624074,-0.1239537926058518,-0.0422878897963604,-0.0015960558430032,0.0,0.0008807590254081
165,0.0243562600833738,-0.0050346233870293,0.0,0.0049423840538043,-0.0153377247016372,-0.0189228593180502,-0.0117837615350863,0.0,0.0046838589980355
166,-5.488187466215447e-05,-0.0155781453409577,0.0060483671780752,0.0106253646168177,-0.0085370394912816,0.0057970925023274,-0.0037785691170638,0.0,-0.0129337924946014
167,0.0097317407529975,-0.0083656001359785,0.0050125978291449,-0.0016273769112919,-0.012233568367548,0.0041203347750253,0.0010809648595351,0.0,0.005899717764987
168,0.0026622766168703,-0.0015089318027914,0.0049874923398777,-0.0065359648687736,-0.0163872696933429,0.015504229972548,0.0023192980547953,0.0,-0.0076764215566765
169,-0.0070244301169095,-0.0101909094189886,-0.0049874923398777,-0.017362986155177,0.0121174685783877,0.0310905382161871,-0.0077521621527191,0.0,0.0050257844776778
170,-0.0024620275409338,0.0016332085454091,0.0,0.0008336998379716,-0.000634069470807,-0.0078802162980886,-0.0327711687438845,0.0,0.0022387858670276
171,0.00027376410762,-0.0110485465846205,-0.0040080661570346,-0.025317824286415,-0.0015870863267091,-0.0594880453248582,-0.009232637996533,0.0,-0.0054878665530159
172,-0.0171228597510063,0.0036233690274301,0.0010035236007849,0.0034129694024674,0.0075949661117733,0.0305935304185161,0.0115276311328262,0.0,-0.0014804009507338
173,0.0117966629259727,0.0164142959161618,0.0,0.0034013606514071,0.0106618148968716,0.0233410973500714,0.0062838289405273,0.0795207849108915,-0.0001778522021831
174,-0.0056870403778898,0.00118524507865,-0.0020080552728951,-0.0034013606514072,-0.0204828813238191,-0.0055843540157951,0.0045455362612025,-0.0048991916747466,0.0063807549346481
175,0.0131469699999289,-0.0052907680675964,0.0,0.0118545286635199,-0.013139104207469,0.0127187603550186,-0.002838568163441,0.0,-0.0056104253552201
176,0.0098425885093595,-0.0033617050327931,0.0,0.0339295969064672,0.0152063875650335,0.0694140466944997,0.0090550441381258,0.0,0.0067876413384762
177,0.0010816450128599,0.0048761868035567,0.0,0.003249390514545,-0.0152063875650334,-0.039073302973373,-0.013042430720983,0.0,-0.0056039408212452
178,-0.0027063093682527,-0.0048761868035568,0.0,-0.0056933618115282,-0.0004839683727841,-0.0015337777410323,0.0045558297807444,0.0,0.0345914566312973
179,0.0021657525063342,0.0018450130352785,0.0040119810914493,-0.003267973581823,0.0180703286929435,0.0220122715577797,-0.0056980528834375,0.0,0.0169975642986471
180,-0.0108757329480719,-0.0031493610652323,-0.0040119810914492,-0.0082170043963852,0.0259674164310646,0.0716919806905303,0.009667411042836,0.0,0.005602187965675
181,0.0016389255701046,0.0011957681136573,-0.00402824803999,0.0,-0.0421032139619865,-0.0960092654301417,0.0022609618829737,0.0,0.0091849074675431
182,0.0151681686051424,-0.0189729945381848,-0.0010094963566444,-0.0016514870697297,-0.0558045427395281,-0.0667974934718621,0.0011286868191727,0.0,-0.0045818767765466
183,0.0165292786015883,0.0016594062967941,0.0,0.0049463798605559,0.0006809176460897,-0.014078914039646,-0.0102039748329213,-0.0436279316210511,-0.0063345886204614
184,-0.0059933260253871,0.0195924237689646,0.0,-0.0224541244120683,-0.049181659516434,0.0016667051994684,-0.0143474674995065,0.0,0.002884478325204
185,0.0,0.0134576243878629,0.0,-0.0059047534182484,-0.0084373071507673,0.1124956487240253,-0.0052158834571498,0.0,0.0362029113392412
186,-0.0025568622048108,0.0109545508347298,0.0080482118669063,0.0291809271090957,0.0016211865297143,0.0408220257417362,-0.0105142245593022,0.0,-0.0061298471115881
187,-0.00518703800768,-0.000423077801871,0.0,-0.003292180877959,-0.021834942092507,-0.0423111923866301,0.0134152545547613,0.0,-0.0084199531896156
188,0.0310376315227801,0.0065394035618634,0.0,0.00082408152115,0.0098847757983749,0.0635134133753353,0.0206429050568433,0.0,0.0134381408124064
189,0.0007793931829619,0.0177143178378888,0.0,0.0082034444730388,-0.034467013170591,-0.0013996123920221,-0.0085494232168788,-0.0617186210907187,0.0066520441373845
190,-0.0183972869787954,0.0044314734790905,-0.0020059357981616,0.0048900195005876,0.0580482975876789,0.0090624612104612,0.0022869377341267,0.0,0.0164386060461356
191,0.0559587648720232,0.0057417836595202,-0.0050327797121003,0.0137265032203713,0.0351342985581927,0.0579677497861124,0.0136134702987212,0.0,-0.0084596086825202
192,0.0270419724303324,-0.0032770399553595,-0.0010094963566444,-0.0056293392583392,0.011781893658857,-0.0407674631584607,-0.0033858823565573,0.0,-0.0129640153446799
193,0.0101721145397473,-0.000205156584735,0.0,0.0,-0.012125485097092,0.1023546345897683,-0.0096565483644257,0.0032129067308784,0.0049850179810645
194,0.0555830757415156,0.0072577744742678,-0.0030349375902505,0.0048270745735587,0.0207454713726827,0.0261333806996012,0.0102214785495073,0.0,-0.0038750254455841
195,0.0024585035823757,0.0443278738005832,0.004044433946895,-0.0080580921682393,-0.035806760359852,-0.0126775617118471,-0.0199721245286478,0.0,0.0104826881098073
196,0.0072494533764372,-0.0259600677581167,0.0,0.009661902008877,0.0310834252447304,0.0692358763506389,-0.0017304779322674,0.0,0.0032877716848135
197,-0.0159272724899812,-0.0196926527202656,0.0,-0.0048192436133371,-0.0298631741951019,-0.0328464970497685,-0.0040499176768498,0.0,0.0092569476299239
198,-0.0138569715437196,-0.0002040664998974,0.0,-0.0154161703786546,0.0376112185605321,0.0145393665859926,0.0046271582747881,0.0,-0.0048900996564563
199,0.031490645733093,0.003360805798649,-0.0010094963566444,-0.0181522571200108,-0.0265231046792461,0.0205721889561307,-0.004627158274788,0.0,0.0167436003734697
200,-0.0314437202337834,0.0101152921819485,0.0,-0.0066833934591376,-0.0055286887356898,-0.0588233731311468,0.0040499176768499,0.0,0.0048089218672586
201,-0.0150764185926136,-0.0150073523136791,-0.0010106227814408,0.0116667481352542,0.0058732271950735,0.0745363105587181,0.0069045045017825,0.0,-0.0032033376676771
202,-0.003769183178519,0.0153092592701526,0.0010106227814407,0.0139862485590697,0.0001721918792034,0.0160180681303582,0.0057176606000747,0.0,-0.0010702605384999
203,0.022637738599207,0.007817117458358,0.0050377443966344,0.0097561658679391,0.0165660216704666,-0.0494204514603816,0.0017087913591184,0.0,-0.0042917029110237
204,-0.0103808489433653,0.0017955324865948,-0.0010055417707516,0.0830256090059621,-0.0259086661424635,0.0188200541155877,-0.0005694140644719,0.0081951146341494,0.0136165252552623
205,-0.0357610748023579,0.014082569279505,0.0,-0.0014903473436619,-0.0670330766699449,-0.0309835975159584,0.0034110274199184,0.0,-0.0039855252724445
206,-0.0091930490796924,0.0103595928484695,0.0030135970436468,0.0401954141518949,0.0591803717006708,0.0063898334971314,0.0118477945417131,0.119057939549894,-0.0026660261024842
207,-0.0010378572161999,0.0046026688654076,0.0,-0.0043072873740371,-0.039304821807008,-0.0169347647406697,-0.001683852696104,0.0,-0.0016030104308098
208,-0.0005932358514838,-0.0133766946037445,0.0,0.0339495475584592,0.0303298010800359,-0.0100622382739189,0.004484206446472,-0.0558084479359382,0.0010687625605757
209,-0.0013860570279089,0.0082832306314618,0.0,-0.02321595089605,-0.0101271132252574,-0.023473806979605,0.0016765033197785,0.0455633192902737,-0.0085836827008959
210,-0.001834592952683,0.0036268919257858,-0.0020080552728951,-0.0035650797399311,0.0010708794982999,0.0423311546733161,-0.0016765033197784,0.0,-0.0026975516837044
211,-0.0021860829956615,0.0086706719310188,0.0,0.0078264119175888,0.0134658008216707,-0.1428313724070964,0.006689096807244,0.0,-0.0005403607880614
212,0.0013419498363854,0.0121482452132584,0.0,-0.0193207803181874,0.007539271379229,-0.0314663461792029,0.0099503156426796,0.0,-0.0016230755368665
213,-0.0016400910078931,0.0093477327486335,0.0,-0.0174931404234094,-0.0043763745997988,0.0083045379124693,0.0043907409231465,0.0,0.0037828880159941
214,0.0074346670959447,0.0090729029912761,0.0,-0.0148151423022753,-0.0084567019190785,-0.0173796516334025,0.0027343826793543,0.0,-0.0103009411275996
215,-0.0049504429287755,0.0126211751598297,0.0020080552728951,0.0111318829131082,-0.0083504300090682,-0.0284514620457739,0.0049034726115856,0.0,-0.0109589947351198
216,-0.031764681973975,-0.0069921302510923,0.0010024121973766,-0.0103858754871609,-0.0098611151540145,0.0830352812437464,0.0021714732672239,0.0383375401240933,-0.0064672324264113
217,0.0188782595047847,-0.0163171278914099,0.0168907003812329,0.0081694185581545,0.0485327019689646,0.025566740763714,0.0005421323508837,0.0,0.0114135297429338
218,0.0085879159924595,0.008427562830684,0.0147187375034622,0.0175957446659746,-0.0183618109974989,0.0160517092070891,-0.001627510531183,0.0,0.0141538260670694
219,-0.0126553016551305,0.0154389151452507,0.0477702723999459,-0.0161175844722768,-0.0005246584762187,-0.0436125142070497,0.0113363107340474,0.0,-0.0014606135375449
220,-0.0058754896600195,-0.0231061748205267,-0.0336001091925336,-0.0193891407260784,0.0449763949507653,0.0099306060727948,-0.001073960025133,0.0,0.0003790152023896
221,-0.0272707460517096,-0.0177352182222098,-0.0010053857195538,0.0007527459141057,0.0093209958131019,-0.0006589936815845,0.0,0.0,-0.0030350732435631
222,0.0543164367809688,-0.0077677617869088,0.0,0.0037551820710477,0.0115303657860737,-0.0500104044552235,-0.0021518446123766,0.0,0.0148695041908044
223,-0.013203933491099,0.019594240372523,0.0,0.0,0.0342890292550597,0.0110269790586008,0.0019905539114876,0.0,-0.0016055841995814
224,0.0011110078166713,0.0254804029016129,-0.0050428554766063,-0.0120664996970294,0.0577999875019027,-0.0636707643440551,-0.0041468093588189,0.0719734996250892,-0.0073110927099828
225,0.0021183483541777,-0.0272980882793398,0.0249637566708583,0.02102177482186,0.0244922790442161,0.0295092157896851,0.0048452813654843,0.0,0.0083818079267225
226,-0.0183529892023463,-0.0141764831725943,0.0272391092417827,-0.0074571846399923,0.0126006840892536,0.0471000730144408,0.0032170420650374,-0.0216777209780471,-0.0084897168017127
227,0.0248802389947664,0.0123554116152831,-0.0213393505177988,-0.0166041032261607,7.192103446857576e-05,-0.0122533426107998,0.0010701653506488,0.0,-0.0098693754760036
228,-0.0192521694711068,0.0125836188003746,0.0097561377733073,0.0233180526822896,-0.0297984643256445,0.0649664807033327,0.0104496989490694,0.0,0.0086814894365335
229,0.0071175588105588,0.0028378341690445,-0.0048661711558075,0.026413905939372,0.0053971942952851,-0.0187890180996125,0.0010822030315503,0.0,0.016609035832567
230,-0.0031967275293229,0.001227336444098,-0.01970499525754,0.010086496788435,0.0083707033525832,-0.0407129734711638,0.0005407188387106,0.0,-0.0031398085242223
231,-0.0034108060665266,-0.0014161700043063,0.0099010326983096,0.0177624565805578,-0.0101418494567279,0.0135319931209574,-0.0037909605854855,0.0,0.003405431479923
232,-0.0058813878237596,0.0034897179020439,-0.0059289077882706,-0.0227929878515009,0.0005907682023038,-0.0067431396427139,-0.003260840275328,-0.0262294890956184,0.0165946236418621
233,-0.0035974509362129,-0.0104107781840616,0.0098620737392194,0.0263079433909782,-0.0066662652692107,-0.0386254542996619,0.0016317492719879,0.0556548632177675,-0.0126184892214196
234,-0.0018033665335934,-0.0088872798904134,0.0,0.043932963038528,-0.0049916153303285,0.0393018309899757,0.0024425859979711,0.0,0.0026420778739517
235,-0.0052225460409846,-0.016257404362795,0.0,-0.0006718326573199,-0.0372061583890115,-0.073640004007331,0.0296457452055653,-0.0392383307334356,0.0013184258236132
236,-0.0028034065494211,0.0135661378542204,0.0,0.0073652597496701,0.0109475935637068,-0.0265502068829212,-0.0524019098451506,0.0,0.0013165736881959
237,0.002751792041415,0.0119589510904089,0.0,0.0006669042566721,0.0248384633571044,0.0096691056605526,-0.0494559855920572,0.0,0.0034151172220643
238,0.0001035636756449,0.0170670387225757,0.0,-0.0215641571272997,-0.0022463735544516,-0.0369434969748453,-0.00701756412617,0.0424305941500278,-0.030083348604597
239,-0.0098874343678144,0.0213669093146714,-0.0009818913280657,0.0027210874663637,-0.0072223566149314,-0.0030769959298262,-0.0201548290115942,-0.0020902676740445,0.0266682313825328
240,0.0042193208708302,-0.0082705259222913,0.0,0.0529224128088801,-0.018595280657518,-0.0170943801550048,0.0592851864093125,0.0,0.0203701697751049
241,-0.0089878622376401,-0.0057375894622809,0.0,-0.0129703998577992,0.0055231899944144,0.0384367061646982,-0.0297845466227921,0.0,0.0004638823943309
242,-0.0045774767277909,0.0125427107635717,-0.0329536110628541,0.0295841541033953,-0.0205587554238908,-0.0590233577105344,-0.0349044447658876,0.0,0.001545328259952
243,-0.0686725589578795,-0.0433607809982163,0.0131116664117602,-0.0354761616453889,-0.1180563365170234,-0.0550899727671524,0.0006019015766085,0.0,-0.0312022334725818
244,-0.0012007641149189,-0.0282473885510974,0.0,0.0175728870748395,-0.0218539986449499,0.0016892282315748,-0.0311666665516466,0.0,-0.0297271335813288
245,0.0123947987908009,-0.0028592297262034,-0.0020060312185558,-0.0162605208717802,-0.0286072116565376,-0.0325929453507702,0.0086527123810671,0.0,-0.0155446722166403
246,0.0443756986833236,0.0105091876018653,0.0,-0.0078999676893148,0.0183155308183165,0.0979222305959117,0.0267168402054055,0.0,-0.005273877682328
247,0.0,0.0082705761257795,-0.0070528182063448,0.0235151042885683,0.0602188955083029,-0.0552536431397664,-0.0236446499990782,0.0,-0.0296336380527958
248,-0.0273992451733619,0.0137615213572821,-0.0040528169868593,0.010915041166184,-0.0333596257241236,0.0393170657125944,-0.0185763967338867,0.0,0.009428461290664
249,0.0,0.0184656008856183,0.0050632829593414,-0.0044799879616239,0.0348963826519707,0.097134034169833,0.0253022127947877,-0.0436711848946624,0.0447321744883964
250,0.0110499463674088,0.0009377825364097,0.0040323895041243,0.0108454060954578,0.0045961516590482,0.033682819840174,-0.0253022127947878,0.0,-0.0255623125223109
251,0.0206644346206992,-0.0071496618022115,0.0,0.0025348531520558,-0.0275499912199326,-0.007782116289362,0.0,0.0,-0.0051917209991984
252,0.0010755342446069,0.0167584579606381,0.0,0.0081941909745085,-0.0154823157826287,0.0182975005008997,0.0,0.0,-0.0023162154398772
253,-0.0053906700593528,-0.0204472107764892,0.0,-0.0107290441265643,-0.0307883333103815,-0.0055944147754224,0.0,0.0,-0.0234614578997453
254,-0.0059638219192156,0.0245239210396224,-0.0010065992207218,0.0182337030881632,0.0652925314736569,0.0532548849485565,0.0130395508197853,0.0,0.0
255,-0.0149560935542913,-0.0105034447374042,0.0,-0.0018708318261311,0.0071684582075417,0.0288355226049581,0.0183379343425333,0.0,-0.011940361052805
256,-0.0009389752263689,-0.0029946404332824,-0.0141990079180292,0.0222230569749477,0.0133459353900961,0.0198279872613723,0.0650685750582571,0.0,0.0348219725172474
257,0.007705051320367,0.0003748859499178,0.0,-0.0036696963532074,-0.0230870993317911,0.0018981171973467,-0.0145780276435919,0.0,0.0023175573230532
258,0.017391819885925,0.0029934454980703,0.0,-0.0012262698298502,0.0329393982852234,0.010062968643088,0.0002879111687641,0.0,-0.0192819358106355
259,0.0066588157278998,0.0133606369231698,0.0,-0.0229609179273577,0.0346213372742391,0.0314162109993776,0.0040217787228085,0.0292504909585576,0.0159777925398587
260,-0.0137138141546943,-0.0014757386973607,0.0,0.0272462995703341,-0.0132495023225262,0.0215965567460545,-0.0103747509220597,-0.0057146454173258,0.0113733408448199
261,0.0,-0.0074114645560282,0.0,-0.0437023814128709,0.0068082931165974,0.0070963593462943,-0.000579636939155,0.0,-0.01620416227392
262,0.0115494939126558,0.0013939461760308,-0.0040941969200175,-0.0012771686256203,0.0122030787476141,0.0215689413683408,0.0069326091384064,0.0,0.0083664935499427
263,-0.0020062994266971,-0.0023242257399514,0.0,-0.0096308686858986,-0.0025567263465176,-0.021568941368341,0.0,0.0,0.0322222044216031
264,0.0396384264292831,0.0,0.0,-0.0502751526919505,-0.022491027847779,-0.0202387960440096,-0.0023054937236476,0.0,0.0177682333876931
265,0.0139860508326025,0.0003722304595109,0.0,-0.0054421851831959,0.0035936205990902,0.0354437812322021,-0.0046271154147587,0.0,-0.0006605640115208
266,0.0158206628341453,-0.0215365388852252,0.0102041315953028,0.0095045076075056,-0.0065434802246348,0.0057870753530842,-0.00873347327204,0.0,0.0126958814007144
267,-0.0035506036094957,0.0040202667483649,0.0,0.002699054363877,0.0027861719350488,-0.0316555737075138,0.0035025959033599,0.0,-0.0070942422055548
268,-0.0005080279993973,-0.0358865453281512,-0.0010155978275915,-0.0169898750283543,0.0144612675861588,0.0328090027620153,0.00523087736868,0.0,-0.0221492120483073
269,0.0055765295781394,-0.0142610621148571,-0.0040734524888257,-0.0292093139063057,-0.0179041611935963,-0.0162700094511482,0.001158817704507,0.0,0.0083634238693729
270,0.0,-0.0097907083349691,-0.0010208843588679,-0.013499355025296,0.0115928981720687,0.0029249008057899,0.0034682977102517,0.0,-0.0043960626666241
271,-0.0020242326862694,0.0301721353242651,0.0061099346752852,-0.0209620954124534,0.085074999792825,0.1403712547375958,0.0069004175574199,0.0549835100280372,-0.0203381652434836
272,-0.0018255353837347,0.0139753443943708,0.0050632829593414,0.0195304914177898,-0.0406231887574578,-0.0398706931293242,0.0011455436987962,-0.0003191189875851,-0.0312163068094874
273,0.0124077615715611,0.0071559377866236,0.0020182777429985,-0.0043072873740371,0.0092736130915575,0.0332497844714145,0.0028580125126436,0.0,0.0128355701677784
274,-0.0050253089323322,-0.000481795977186,0.0020141117611259,-0.0137633163361378,-0.0029273951262222,0.001531819885289,-0.0062984088203571,0.0,-0.0052310743075171
275,-0.0152287053507019,-0.0077423085355169,0.0,-0.0206344630980579,0.0375517760365085,0.0321312474116611,-0.0083633207919029,0.0,-0.0033855426109349
276,0.0127066026260745,-0.0110390472511532,0.0,-0.021829994074057,-0.0403329940281345,0.0004939604416746,0.0243181359743018,-0.0170613757424565,-0.0001170837738246
277,-0.0005050557541542,0.0105531951222229,0.0,0.0195936393044476,-0.0578047926044777,-0.0219679598010801,0.0145906573762778,0.0,0.0017528780435882
278,0.019515213170566,0.0002916007901839,0.0,-0.0022412959346536,0.010274918131933,0.0115434881501922,0.011631143940904,0.0,0.0055305756565819
279,-0.0064628826797512,-0.0120242086954348,0.0,-0.0196381109665665,-0.0003245773720685,0.0019939691223689,0.0065862424565385,0.0,0.0118309505269491
280,0.0101229601470879,0.0083247871351425,0.0,0.0233708656408735,0.0633610519902446,-0.0595047233678473,0.0043668518752303,0.0,-0.0046004094190496
281,0.0013942457770428,0.0093195764192108,0.0,0.0022329546381888,-0.0117999473586693,-0.0015869184535932,0.0172789530378243,0.0,-0.0174422196428028
282,-0.0049876930907311,-0.0029999485121116,-0.0010065992207218,-0.0149815394345861,0.0023095536817607,-0.0026503719552265,0.0021390544208698,0.0,0.0
283,0.0009994465152635,-0.0033978188891246,0.0,0.0045181115012123,-0.00308067024116,-0.0864324741350233,0.0143200242979365,0.0,0.0040971932903107
284,-0.0366264182266862,-0.0095761007836372,-0.0040362562558845,-0.013615966902751,0.0070714989510032,-0.0192819242747031,0.0062992810377644,-0.0242084119142736,-0.0123422239546133
285,-0.0051948646729257,-0.00078570872387,0.0,-0.0084130250917697,-0.0163709842868415,0.0175442646397333,-0.0089356557887402,0.0,-0.0275795859225196
286,0.0,0.0001964270695808,0.0,0.0167558612827915,-0.0733177466604728,-0.0240551256021494,-0.0052938033438586,0.0,0.0290568916243639
287,-0.0083682385965745,-0.0037401252247284,0.0,0.0348829631349282,0.0284128989955038,-0.0605874934844392,-0.01821150640259,0.0,-0.0248106388648582
288,-0.0068511654324696,0.0045257569550646,-0.0101627516621446,0.0021857737794937,-0.0034261049731584,-0.0088720696950533,-0.0005407188387106,0.0,0.0018142341765225
289,-0.0031781323896169,0.0006869604234475,0.0141990079180291,-0.0021857737794938,-0.0014719138273049,-0.0402651718041142,-0.0158083709977462,0.0,-0.0030256847855518
290,-0.0079892398956963,0.0105386241493614,0.0,-0.02212481044172,0.0168780529386192,-0.0391942002214404,0.0027434208459263,0.0,0.0012114506090292
291,0.0026700283067652,-0.0011654376359665,0.0010065992207217,-0.0180591643667227,-0.042573611153137,-0.014578532066208,-0.0243001079737221,0.0,0.0280531632351345
292,0.0205868040492722,-0.009667562406969,-0.0090956724634657,0.0113251206529482,0.0073616266545477,-0.0091324915171867,0.0040149250747592,0.0,-0.0160194674845534
293,0.0031299439583201,-0.0028496971354606,-0.0050890503164172,-0.0015025926324729,-0.0242968326309476,-0.0403222676491745,-0.0063163927468136,0.0,0.0154306187072748
294,0.0,-0.0041415768606127,0.0,-0.0030120475498852,0.0304455669983395,0.0065910274742237,0.0051709318399905,0.0,-0.0262543945251017
295,-0.000521105669699,0.0054200102929481,0.0,-0.0007544495865586,0.0019860802909306,-0.0095343675540526,0.0079909241290097,0.0237754078474861,0.0126165204041151
296,0.0133034177091194,0.0152154416357868,0.0,-0.0052970002034104,0.0167244505100383,-0.0044312824440056,-0.0004548091000487,0.0,0.0083234621997831
297,0.0212666612059727,-0.000290547792069,0.0010199452920245,0.0105660899723274,-0.0300402138034316,0.0059040704772378,0.0117608369241744,0.0176007911753121,0.0076674773843743
298,-0.0032773545119466,-0.0182719716255304,0.0,0.0082243910574365,0.0235148801950406,-0.0066445539466222,0.0205846657288718,0.0,0.0134229094332995
299,-0.0025284698078589,0.0092265528311492,0.0,0.0140482590603647,-0.0198353106089064,0.0335064146224338,-0.0011019145521543,0.0617753773533127,0.0212226037358225
300,0.0095744462808092,0.0010741397587254,-0.0010199452920245,0.0,-0.0144613347960583,0.0035752766191312,-0.0005514689552094,0.0,-0.006833730396638
301,-0.0029401149507416,0.0126081991309467,-0.0061413064180363,0.0189096710047319,-0.0229580090625417,0.0169855300287106,0.0022039416769945,0.0198045886936204,0.0
302,0.0025350443497534,0.0060532223783943,0.0071612517100609,-0.0079566173395691,-0.0094028363443951,-0.0169855300287108,0.0233897871945108,0.0049880502615257,0.018120516902861
303,-0.0025350443497534,-0.0108836592359544,0.0131647774878584,0.0072358800916607,-0.0061419596497413,0.0329969786581077,0.0101632656568569,0.0048661896511729,0.0
304,-0.0050890235153211,0.005793745710048,0.0,0.0114696490058946,0.0456755160027823,-0.0020739539852599,-0.0042668354796525,0.0473096222332889,-0.0072685259559923
305,0.002547855346545,0.0029802604919004,0.0010053857195538,0.0007125207989768,-0.014141377551201,-0.004160856601094,0.0005343782559251,0.0,-0.0008758107805546
306,-0.0017826997333521,-0.0020179544222097,0.0050127234769361,-0.0274385529084168,0.0250960179243663,0.0934764073470454,0.0016013152178012,-0.0323731553988248,-0.0040972084773141
307,0.0068589122518814,0.0074748099731061,0.0039919458684784,-0.019963657628911,0.0650374735176361,-0.0019005221023014,-0.0021356934737262,0.0,0.0015823238413095
308,-0.0061965202836088,0.0123353528494733,0.0158106048532674,0.0316086109140233,-0.0337619013302339,-0.013405884284547,0.0063933375137656,-0.0345449382228405,0.0007610193575354
309,0.0064493120473705,-0.0066232398729972,0.0,0.0264206653433144,0.0190026067904958,-0.0712448051811564,0.0052965550313147,0.0055292159561647,0.0
310,-0.0048202750367675,-0.0030423643660486,0.0,0.0007044895745281,0.0056782581855966,0.0034447289450421,0.0115547104017968,0.0189218799079995,0.0035046598982593
311,0.0176459791758195,-0.0059210469590316,0.0,-0.0177624565805578,-0.0040977540886488,-0.007594075547303,0.0015654928457983,0.0,0.0058139424781739
312,-0.0207025637678881,0.0103864118887347,0.0,0.0191699485588673,-0.0202607308381748,-0.0381402124509691,0.0010421962313708,0.0,0.0080830873437865
313,0.0251903352701058,0.0041623823182679,0.0,0.0007029367793529,-0.0172305555263315,0.0043103131111114,0.002340898620127,0.0035685309767917,-0.006345475599608
314,-0.0025903640070915,0.0137815759541365,0.0048899666174997,-0.0177246758713635,-0.0011484458584732,0.0739031822183059,-0.0002597590272027,-0.0016380578754498,-0.0093023488421423
315,-0.004399157886461,0.0105586295035667,0.0068060480318329,-0.0057388913687006,0.0062183325259193,-0.0421544967219291,-0.006256563674014,0.0,0.0155328336267018
316,0.0044988833913103,0.0148151039144087,0.0172915081992973,0.0021559970067426,-0.0268666710561867,0.0131081929020816,0.0046960623003235,-0.001061321088714,-0.0108708425328832
317,0.0,-0.0115956751373702,0.0,0.0227120970151362,0.0432087891558025,0.0468626444529912,0.0036373188180471,0.0,0.0094321311632773
318,-0.0049999644532775,0.0007344246704864,0.0047505846794636,-0.0540672212702758,-0.0074098744279277,0.0052185326586971,-0.0015572613381037,0.0,0.000978556068486
319,-0.0025094934371011,0.0074969169888465,0.0,-0.0081815001010674,0.0062858326699304,0.0019499345440503,-0.002600695699177,0.0,0.0031595157954944
320,-0.0050377478994723,-0.0169014055016852,0.0047281232873693,-0.0059925214098729,-0.003057407482733,-0.0243192986503265,0.0031200874613426,0.0,0.0002867668098568
321,0.0100502440538344,0.0116961313288732,-0.0009438001137417,-0.013615966902751,0.0245157283238174,-0.040738792064013,-0.0010389478684185,0.0,-0.0103746241943862
322,0.0029953359878841,0.0362335031141908,0.0506320660582445,0.0143669451704555,0.0190036470905404,0.006217646988591,0.0087968923903041,0.0,-0.0005795996385829
323,0.0011063902628347,-0.0009717503064117,0.0,0.0723904980201933,0.0030812623069908,-0.0251059634334804,0.0314427645645502,0.008746306686814,0.002316205429154
324,0.0119879059607494,0.0038814868463548,-0.0208624277333197,-0.0247449478380252,0.0108621746669636,-0.0021208726940116,-0.0444063823214619,0.0,0.011958137589949
325,0.0034697602456414,0.0124246913709844,0.016364011779834,0.0536526788499341,0.060087434404008,0.0182333399621215,0.0057246899698638,0.0,-0.0061912556753166
326,0.0108267884134814,-0.0154227677506645,0.0098699929820429,-0.00407882725834,-0.051150067584672,0.0233526546398725,0.0051760342794058,0.0,-0.0008628432692308
327,0.0025422058447098,0.0022053259383127,-0.00268222661219,0.0452806613928737,0.025019925555888,0.0353488414575456,0.0005160700693005,0.0,0.0037339797584137
328,0.0086529356377905,0.002112513934277,0.0017889203785121,-0.0052219391051171,0.0304194741449673,0.0,-0.0036185166435134,0.0,0.0034344465203747
329,-0.0024230350464116,-0.0026631294155019,-0.001788920378512,0.0,-0.0030006323019704,0.1161798367047364,0.0005176732203317,0.0,0.0062661896162042
330,0.011577611300043,-0.0044542775493708,0.0062473147307092,0.0207261724460117,-0.0054526933908436,-0.0052647185775142,0.0031008434231815,0.0,0.0050976340916179
331,0.0019166203364886,-8.936212872391631e-05,0.0409642805733256,0.0140040043403244,0.0454272477518079,0.0157117265320972,0.0107776450738623,0.0,-0.0005651874731902
332,0.005251867723639,0.0099512412025664,-0.0103004980496538,0.0081838742235516,-0.0162177757989488,-0.0116144657802028,0.0146948350852573,0.0,0.0056370842086927
333,-0.0023837579447107,-0.0022127515771881,-0.0043234664236552,-0.003139732038176,-0.0367195683495943,-0.0248386546265317,0.009013671043938,0.0,0.0200340796864144
334,0.002669415596507,-0.0077384896253783,0.0,0.0106350755246389,-0.0346617708209683,0.020154810021593,-0.0029954710115212,0.0,0.0014863251412381
335,-0.0093745460219581,-0.0115857450726162,-0.0026030111307153,-0.006242181811445,-0.0255371892226987,-0.040113132479708,0.0099505068104262,0.0,0.0040081681481167
336,0.0114670758738116,0.0175506399353237,0.0163725917061427,-0.0253660127019087,-0.0495525102412199,-0.0104391533162254,0.0073981627135241,0.0,-0.0171323154680527
337,0.0003323695303201,0.0078688678065617,0.0,0.0044857908230836,0.0257140543491959,0.0213747663906449,0.0112387256464226,0.0119853248973611,-0.007834362900646
338,-0.0027105570339698,-0.0036173890058839,0.0,0.0133377673220325,0.0276801818881849,0.032107450331979,-0.004870868553057,0.0,0.0249666783686986
339,0.028170967335999,0.0077479122003623,0.0253177972860197,0.0094191978490012,-0.0123457653224252,0.0122129513471965,0.0043848973224063,0.0,0.0108992392479106
340,0.0183489766009287,-0.0088975578264906,0.0,0.0136562841142228,-0.0121857872720666,-0.0122129513471965,-0.0068293073045066,0.0256699580168349,0.0062137721236125
341,0.0,-0.0033682340148578,0.0058164630988362,0.0189319470182809,0.0234573608555297,0.0214189919197642,-0.0062357261820255,0.0316565169760329,-0.0029670311719843
342,-0.0169613197221361,0.0023058536128536,0.0024824741957588,-0.0078956418024817,-0.0143820672267967,-0.0103626948634148,-0.0095514791595582,0.0,0.0182018135068405
343,0.0124054722481107,-0.0098812629096452,-0.0008268344539977,0.0072904842326936,0.0048171204981219,0.0,-0.0004974329371245,0.0,-0.0079894080090985
344,-0.004985139423226,-0.0068223568713503,-0.0033141082732317,0.009038905536927,-0.023209499500867,0.0017345352232302,-0.0099999563908053,0.0,0.0106912187685368
345,-0.0055684645063488,-0.0084121269308379,0.0016584685314708,-0.0012005078240661,0.0362996757320508,-0.0069564878728871,0.022361147558248,0.0,0.0136100263186973
346,0.0004651532491583,-0.0005451738665789,0.0,0.0006004340644017,-0.0287131125035545,0.0150118419072122,0.0204287620390927,0.0,-0.0015670360779151
347,0.0051033112571905,-0.0127134240329426,-0.0058164630988362,0.0143029717770948,0.0253414430917475,0.0237836837646985,0.0133908489809238,0.0,0.0155605155962495
348,-0.0097653765711385,-0.0048903699452769,0.0058164630988362,-0.0101101117199674,0.0091687452626887,-0.0112550854852767,-0.0052393365313451,0.0,-0.0223792336322555
349,0.0058241934703636,-0.0051933854622731,0.0,0.0207046962566781,0.0265682309560161,0.0062059780554246,0.0009545449849991,0.0,-0.0105821698170967
350,-0.0137997749355853,0.0075031738018043,0.0,-0.0017580249112224,-0.0274812969063732,0.0039292608917605,0.0137411029504359,0.0,-0.0007981594558118
351,0.003291775842884,-0.0001845926261424,0.0,-0.0153666333647623,0.0089427856541544,-0.0243845537924687,-0.0104067731725956,0.0,0.0113803292729085
352,0.018190435651657,0.0036853220821259,0.004958635866682,0.0118413965946982,0.0338261950823053,0.0085739090258339,0.0056898431724335,-0.0180185055026783,0.0026280555388842
353,0.0036353630716998,0.0065993894166904,0.0,0.0029386529170199,0.0134755391609735,0.0045428769364238,0.005388814433802,0.0,0.004922128609
354,-0.0009190713601806,-0.0032943222805443,0.0008241090514991,0.0134073435355806,-0.0393358634604132,0.0073385069384504,0.007171820204126,0.0,-0.0002089202212906
355,0.004587214984089,-0.0209324217371686,0.0,-0.0063898334971314,0.0014958637149406,-0.012450710911074,-0.0014302361482679,0.0,0.006250207671923
356,0.0,0.0063444638778933,0.0252148706705523,-0.0052585662393005,0.0872604512058542,0.0068105166769045,-0.0014322846539043,0.0,0.0102278098582287
357,-0.0045872149840891,-0.0100953007596627,0.0,0.0469193444752673,0.0034188067487854,0.0431721050089367,-0.0086373451935466,0.0,0.0229639034190096
358,0.0029382293570279,0.0058078634496361,0.0040080059549095,-0.0095479569765272,-0.0425299803377457,-0.0065217043312383,-0.0057998605854163,-0.041769412876295,-0.0245070286825485
359,0.0012368765697489,-9.341278361098864e-05,-0.0008003651958024,0.0173431688715375,0.0154078104124029,0.0016344697637612,0.0009689342448442,-0.0123028676971928,0.0011319861429011
360,0.0058890784029138,0.0101306881441394,0.0166736537975281,-0.003890063400583,-0.0033721804764688,0.0764769937722739,-0.0038816730534016,0.0,-0.0005143220202918
361,0.0036347184629697,0.0068196668308711,0.0,0.0072122959439919,-0.0177498440055806,0.0050302108527811,0.0,0.0233318542528616,-0.0150301749255957
362,-0.034605630155837,-0.0094122677693839,0.0015736529644443,0.0164476975847767,0.0030040660125403,0.0104817074478901,-0.0043848834594877,0.0,0.0101313065937543
363,0.0046838056223377,0.0117973724193243,0.0,0.0199199503516918,-0.0004285845928841,0.0545897937487341,-0.0024442935297263,-0.0205528680669243,0.0012915100848876
364,-0.0030420203395162,0.0058469371996665,0.0,0.0205757399279618,0.0422499062389504,0.0553283539286276,0.0034204181905724,0.0,0.0010836280675835
365,0.0134765832607106,0.0244748327961084,0.0,-0.0057606182589271,0.0136056520557786,-0.033932231459976,0.0024360543253811,0.0,0.0102611879172303
366,0.0027947013802306,0.0022197551996797,0.0,-0.0489740989706415,-0.0067796869853788,-0.0700452630845963,0.0140133496588272,0.0,-0.0097972880924196
367,0.0054271968930031,0.0062773581740538,0.0,-0.0005516315468546,0.0075901363014272,-0.0229666109495719,-0.0038462150864908,0.0,-0.0025804736499657
368,-0.0068236186937105,0.0052742292024955,-0.0023613301566085,0.0033057586055381,0.0205807204816852,0.0065442503688924,-0.0091944300990757,0.0603431299074684,0.0220944860016188
369,0.0124973979739969,0.0139303127480937,0.0023613301566085,0.0217636237437728,0.0325337743062343,0.0393557548284185,-0.0186461307648189,0.0,-0.0115124704727339
370,0.0032146448140831,0.0213848363667293,0.0007858201502715,0.0144272048516882,-0.0090032369982591,0.0200579830903891,-0.0109563217261972,0.0,-0.0010532192315093
371,0.0027472619006896,0.0002538024804087,0.0007852031218047,0.0052910376579514,0.0084909301665676,-0.0104563364172021,-0.0005008963696919,0.0,0.0125656897042431
372,-0.0178538449170451,-0.0108890244622855,-0.0031446762365209,-0.0063526331717537,0.005620894311916,-0.0315483384574492,-0.0070388207758393,0.0260540260763154,0.0020789634600109
373,-0.0038710953185119,0.0011112491129138,-0.0079051494701264,-0.0182213055969869,0.0098872498360043,-0.0310491056235583,-0.0183303677125048,0.0,0.0066754850439657
374,-0.0089181138965214,-0.0020526822517458,0.0110498257066473,0.0256287147301816,0.0061615772160126,-0.0837797562134506,0.0193389806572016,0.0,-0.0025820375781253
375,0.0140452121815361,0.0134367308719058,0.018663098796725,0.0177643210328408,-0.0064138371259025,0.0374535242422331,0.0040242095300193,0.0263332747100018,0.0031491277459309
376,-0.00093020351748,0.0012662766060338,0.0,-0.0161840896169331,0.0249203021339349,0.0200428207200988,0.0065048603299535,0.0,0.0153456415011827
377,-0.0112307490905565,-0.0084724008530157,0.0,-0.0153808878129578,0.0917686571691195,-0.0432182205582954,0.0024906608185311,0.0,0.0
378,-0.0009417818638377,0.0,0.0,-0.0085883434288508,-0.0153866664923595,-0.0087623696125899,-0.0115087161377333,0.0,-0.0045789859742956
379,0.0009417818638377,0.0024643584731672,0.0,0.0107240044917879,0.0298764767813225,0.01202853834721,0.0100150046695401,0.0,-0.0030644505982589
380,0.003851324487347,-0.0033155932035893,0.0,-0.0627267952489324,0.0178761927425457,0.0081191040417424,0.019734331392769,0.0,0.0025544120213269
381,-0.0069150998433208,-0.0013634845363558,0.0,0.0034013334818282,-0.0291154154578403,0.0059124393172941,-0.0262325890060821,0.0,0.0
382,0.0051790931700514,-0.0093382066086645,0.0015395786529716,0.0240436686981397,0.0315038784242183,-0.0064515777230237,0.0094834527030953,0.0,0.0033109181465403
383,0.0095805938564389,-0.0017229354118968,0.0,0.0033094054232748,0.006485090509788,-0.0043244300393947,0.0128333611808469,0.0,-0.005865330167867
384,-0.0107552073272124,0.0035288988431429,0.0,-0.0038620569285962,0.010715919122326,0.0010828619632687,-0.0009812954482107,-0.0527477343430428,0.0025544120213269
385,-0.0004702894290656,-0.0110584953622329,0.0,-0.0139161721371379,-0.0085635619398812,0.0064725597855041,0.0117131414786394,0.0,-0.0097412175484855
386,0.0003291205360426,0.0590340443298911,-0.0007694159518754,-0.0232502586644161,0.0521529909629207,-0.0157142717093993,0.0177930508116952,0.0120041211638358,-0.0005153994014695
387,-0.0055165694874099,-0.0018032702869239,0.012241926358494,0.0382714285572019,0.0010198723464241,-0.0032822494903806,0.0019048379491428,-0.0155250871251573,0.0102566169499551
388,0.0046628148400138,-0.0134629576449756,-0.0015221559113331,0.0077007744307183,0.0765551033025679,-0.0132379081320386,-0.0231001168733958,0.0,0.0
389,-0.0026617890459565,-0.0028311683060545,-0.0015244000213065,-0.0060456689882339,0.0595214967154616,-0.0027801599983195,0.0053410363464411,0.0,0.0
390,-0.0124524945378806,0.0031638007345523,-0.0045871926279228,-0.0256853365696957,-0.0118132721123193,0.026917399940125,-0.0126706542643121,0.0,-0.0051151587587087
391,0.0067245109250294,-0.0044988900218058,0.002296264881894,0.0179376834255938,0.0119911623635984,0.042446648895526,0.0102465077481438,0.0,0.0028166572363789
392,0.0147306878577709,-0.0019224129229718,-0.00076478482993,-0.0219048007286773,-0.0061565646820072,-0.0057307065977818,-0.0131935813803817,0.0,0.0022985015223298
393,0.0014139147755292,0.0157706074075877,0.0,0.005097725516219,0.0129825676091293,-0.1244667547791569,0.0068628487543776,0.0,0.0
394,0.1243039409889372,0.0171170193227551,0.0,0.0078784530212897,0.0360078280749001,0.0011827593303213,-0.0019559709004435,0.0,-0.0128371888046695
395,0.0165020413979557,0.0013861117231932,-0.001531480051964,-0.0011217307877977,-0.1039032759861003,0.0428058278483273,-0.0071227005475502,0.0,0.0010330905236813
396,0.0326048699118339,-0.0004075250798574,0.0152095130588793,0.0100503529789662,0.0466897699407799,-0.0113896885597495,0.0036905429311493,0.0625751628522808,0.005508755190598
397,-0.0043659335482625,-0.009829675140313,-0.0152095130588792,-0.033327012880449,0.0142907678088441,-0.0337830585255621,-0.0078896045052861,0.0081225516006769,-0.0013871366681765
398,-0.0071857163917232,-0.0014828174047507,0.0099124190007229,0.0193407709057092,0.0376249806210678,0.0035482813001399,-0.0019822396065097,0.0235677465333582,0.0042070120165344
399,0.0039984107416211,0.019754139185474,0.0037865104416838,0.0089736916314919,0.0016265246699839,0.018713978165775,-0.0024832388785277,0.0,-0.0016396910166765
400,-0.0019970859268835,-0.0016988050733993,-0.0007561862422868,-0.001117344149202,0.0523234594491976,-0.0034822707397552,-0.0019911198856011,0.0,0.0
401,-0.0032038184184902,-0.0146809537251856,0.0,0.0005588281318363,-0.0231991236004949,-0.0223407917751749,-0.0029939342150614,0.02791937882545,0.0046048599096722
402,0.0040031314551581,-0.0066774733106639,0.0194762422907434,-0.0163337343680637,-0.0975308760428318,-0.0314035753945621,-0.018154725231769,0.0,-0.0015326672229644
403,0.0007987552061991,-0.0004964415649364,-0.0066988755462353,0.0129761785375088,0.0991496349189167,0.0097680786209628,-0.0112591124633636,-0.0403418988240072,0.0015326672229644
404,0.0011968171169342,0.0098815434146885,0.0,0.0105939395937292,0.1205073516683617,-0.0377636152367968,0.0198731397551863,0.0,0.0005102988490365
405,0.0116543396947337,-0.0037763885529956,0.0,0.0246519661440509,-0.0621883199134487,0.0267678783608557,-0.0147396596197951,0.0,0.0
406,-0.0052949144963512,0.0093329181441698,0.0,0.0303780200806177,0.0141404895067568,-0.0055436020752107,0.0040878536363684,0.0041580101486636,0.0
407,0.0143430848595667,0.008519575576547,0.0,0.0120012632733984,0.0585804206700181,-0.0024737746281763,-0.0174901331825451,0.0,-0.0010209613222947
408,-0.009804009414718,-0.0266922020969686,0.0059567930218274,0.0036241143931959,0.1138950158513756,-0.0443110350497929,0.0030052314761406,0.0,0.0
409,0.0003178402550825,-0.0106782796675215,0.0,0.0390219477529507,-0.0208628437387029,-0.0051914408936844,0.0103970480700361,0.0,-0.0040941974364139
410,0.0066497551200628,-0.0098614833128266,-0.001485893604728,-0.002488239340262,0.006278294295428,0.0709428308017636,0.0066343275791982,0.0,0.0
411,-0.0042697234920078,-0.0001694116675413,0.0007432599848635,-0.0029939875686625,-0.0034315945894305,0.0186135347437557,-0.0071465117418026,0.0,0.004247475097031
412,0.0063190908499634,-0.0042448439328664,0.0,0.0064756969509611,-0.0084310537217926,-0.0332657974542525,0.0020470627682282,0.0,0.0008676836616775
413,-0.0007877455518272,-0.0155188003905505,-0.0007432599848634,0.0084054923120135,-0.0006001556433129,0.0061312502861149,0.0015325263632354,-0.1032419655645411,0.0009687892539888
414,-0.0027618877603981,0.0029335593968767,0.0,0.0068695704993734,-0.0052166969362655,0.0,0.0,0.0,-0.0009687892539888
415,0.0031557986498427,-0.016592433373936,0.0,0.0284425115868023,-0.0144538468917763,0.0030515273213765,0.0020397556787967,0.007516761890387,0.0
416,0.0003938346623826,0.0008755383831458,0.0007432599848635,-0.000475409017796,0.0218694573976449,0.0282385436466618,0.0156688735138338,0.0,0.0
417,0.0058881200887571,-0.0011384173147302,0.0,-0.0023804412162683,-0.0612071777044107,-0.0107206743424858,-0.0148656852879413,0.0214129581538344,0.0
418,0.0,0.0142672418969337,0.0,-0.0216823166723015,0.0085256209842699,-0.0459499478351507,-0.005213755068723,0.0,-0.0012763388269454
419,-0.0054945193176407,-0.0104194493125996,0.0,-0.0073332778614852,0.0452659462142722,0.0,-0.0120958945283647,0.0,0.0012763388269454
420,0.0011800311439685,0.0012212238233006,0.0,-0.0298826257066177,0.0334969118900581,-0.0081838742235517,0.0026421016724988,0.0,0.0
421,-0.0035441210197657,0.0075557703596385,-0.0007432599848634,-0.0086316895759358,0.0021375656544981,0.0125630271657209,0.0031611709938837,0.0,0.0
422,0.0019704891046807,-0.0094755355489597,0.0007432599848635,-0.0200883035161873,0.0094030881883035,0.0216124724348664,-0.0005261341788099,0.0275946209528599,0.0
423,0.0047133292071151,0.0011349073983352,0.0,0.0241595519577525,-0.0032745510517269,0.012143370371513,-0.0031628372652814,-0.0043573053689557,0.002293230526159
424,-0.0023540450555943,0.0046132996607762,-0.0022313647553605,0.0230933496868659,-0.0063873598600098,-0.0012077572970935,-0.0251284198673039,0.0,-0.0079214093145127
425,0.0011777152186525,0.0013884614355119,0.000744366445102,0.0044565636496819,0.0032310205814465,0.0262388664882685,0.0,0.0,-0.0046284381616015
426,-0.0007849631260858,0.003117208398671,-0.0022346142995855,-0.019960723563225,-0.0004517621854211,-0.0094619185427753,0.0053996643751615,0.0,0.0025741371913884
427,0.0011772530314669,0.0008641137853259,-0.0044843401348787,0.0025169526318786,0.0647281115767221,-0.0017841626733539,-0.0018865940673521,-0.0441025008831543,0.0076824797585666
428,0.0019588308132023,0.0018985596064868,0.0022446463086828,-0.0101061424052016,-0.0274156936475859,-0.000595315378569,-0.0144004500161376,0.0,0.0
429,0.0067573105068606,-0.0058798817904836,-0.0014958209386067,-0.0138074529825194,-0.0053619467121817,0.0071216282693786,0.0391786368409136,0.0,0.0
430,0.0178507351075702,0.0043268256141889,0.0,0.0324242891189709,-0.0043229238618191,-0.0391970356909209,0.03668705355051,0.0,-0.0010209613222947
431,-0.0092736144505581,-0.0151386426953104,0.0029894824666031,0.0079444237228181,0.0009413154250889,0.0284953694408487,-0.0446130861818889,0.0,0.0192563124413621
432,0.0088888558451023,0.0084676688888381,-0.0007465144939193,0.060915520370203,0.0047559196565589,-0.0096096746157831,0.001060461755066,0.0021882347580769,0.0066787870847923
433,-0.0121941320691167,-0.0117165445215391,-0.0014948527142615,-0.0126435991763741,0.0247870412621052,-0.0036275412258428,0.0100184361335797,0.0,0.0035778482533756
434,0.0044692499151249,0.0194231793349173,0.0022413672081809,0.0112465937130888,-0.001188233496042,0.0006055240072359,-0.0063157025225481,0.0,0.0
435,0.0027104249576852,0.0084178455305219,0.0,-0.00420258593789,-0.0350260188445389,-0.0663157501757584,-0.0010566433179834,0.004271316458515,0.0
436,0.0007730816653578,-0.00291245103976,0.001491433830249,0.0249550380404486,-0.0228016098803845,0.0006466362193095,0.0015844437681909,0.0,0.0
437,0.0038565453967026,0.0004288144363127,0.0,-0.0258913891010036,0.013857947632074,0.0166670061228237,0.0005275220238395,0.0,-0.0022475071960981
438,-0.0088923697112806,0.012695597286007,0.0,0.0018717370178109,-0.0210547930424155,-0.003821626732152,-0.0079428210622671,0.0,0.001226484516622
439,0.0027147069973872,0.0108628767861296,0.0044609272220669,0.0069882196719532,-0.0268405584956483,-0.0167314218065702,0.0042440001999004,0.0821402702876697,-0.0007663514570403
440,0.0030936017889367,0.004679059477316,0.0014826633792126,-0.0051198905057597,0.0361026342658606,-0.0176763687443111,-0.0031812845059227,0.0,0.0007663514570403
441,0.009606269385661,-0.0061877925934749,0.0,-0.0117344691441352,0.0311017323790341,0.0144264346819455,-0.0053249082512575,0.0,0.001021022679476
442,-0.0004589571982765,-0.0020150830711587,0.0051717832642816,0.0042402961517723,-0.0051378062471787,-0.0124469069780784,0.0143125284107813,-0.0156595271808976,0.0
443,0.0076985529344303,-0.0152442588428523,0.0022082956724389,0.0241535402387582,0.0041374409851446,0.0065703508188096,0.0031528652572666,0.0,0.0
444,0.0037891714540248,-0.0047046582161075,-0.0007356059717136,-0.0307573990621277,0.0291304611220566,-0.0185068523629773,0.0005245805660339,0.0,-0.0005103810288296
445,0.002266825382186,0.0118475351431237,0.0,0.0173591432232768,-0.01287299795561,0.0079734567175513,-0.0042039595662865,-0.0201420864726557,-0.0002552882309615
446,-0.0037808016012018,0.0118763459936739,0.0,-0.0079384062271954,0.0295342721281432,-0.0046434375777632,0.0083902180735055,0.0214140945038165,-0.0005106718451317
447,-0.0076045309381866,-0.0025989784445056,-0.0007360737485177,-0.0165449477573208,-0.0102108939906496,-0.0187924813061,0.0,-0.0258394749826241,-0.0023015071484527
448,0.0085510722884275,0.0007552193707582,0.0036751095661041,0.0052294205766649,0.0202003214016197,0.0326586683741948,0.0052083239655202,0.0,0.0005119486082484
449,0.0026824674743839,0.004770050462038,-0.0022034298458727,0.0169256792165324,-0.0001183614711049,-0.0158628421594268,0.0103360678743282,0.0,0.0013806928551035
450,-0.0007656209113153,-0.0121793358954389,0.0232568604716404,0.0083565202231586,0.025183169451278,0.0106031374957118,0.0228725687904349,0.0426465932990054,0.0004088656851008
451,-0.0023774279541228,0.0195821902481852,0.0028693884239411,0.0210438231741239,0.0774695642125094,0.0143981717692532,-0.0095936114102932,0.0,-0.0110441639625451
452,-0.0018444498521054,-0.005734469185383,0.0035753210237383,-0.0059024493889323,-0.0242135323882967,-0.0424748873731298,-0.0163686057717357,0.0,-0.0166670465246707
453,-0.0077221139419419,0.0052371453883273,0.0162835400133225,0.0436595600312042,-0.0247021394663539,-0.0274931139969428,0.0158612608531807,0.0,-0.0021031397805754
454,-0.0019398248063403,0.0015740750764262,0.0069979025111262,0.1108813726499438,0.0520612310831295,0.0281708658903399,-0.0020326513199229,0.0,-0.0076608252380722
455,-0.0031116290214382,0.0024803749594353,0.0,-0.0177134668958267,-0.0261562416737989,0.0033818219338168,0.0050736558412493,0.0,0.0055533564036675
456,0.0156540840227486,0.0089485977412617,-0.0006975627291205,-0.017628683023117,-0.0338996167606093,0.0266504521661781,0.0040403733560103,0.0,0.0021074688344048
457,-0.0071203696814146,0.0083785288780206,0.0179810936340805,0.0052409338472687,-0.0105123910227508,0.0537556932616345,0.0055290776601403,0.0,-0.0021074688344048
458,0.0011581901512364,0.0336206853504183,0.0006852047269961,-0.0215411977317229,-0.0025738393286312,0.0450747235767251,0.0074906411180305,0.0,0.0005272320322124
459,0.0030816632771499,0.0273840313002062,0.0068259389423367,-0.0012333274690061,0.0037156352552124,0.0165389933108671,0.0099010308715779,0.0,0.0089215968370264
460,-0.0057859688822629,0.0023060914980311,0.0,0.0191491375512688,0.0033039155441765,0.0046756324403685,0.0136988652518136,0.0194757814888191,0.0208368246488635
461,-0.0058195649074191,-0.023068143328345,0.0,0.0140254142491604,-0.0110365247516898,0.0034924056572254,0.0067796972204446,0.0042407227767547,0.0018914840095405
462,0.0038834198477401,0.0089953282302932,0.0,0.0055556213551867,0.033140334747338,0.0570292971194085,-0.0099431268833204,0.0,-0.0005108022968991
463,0.004640450664792,0.0073703372993368,-0.0040900106567838,0.003949467175937,0.0065424533199653,-0.0160445495080081,-0.0085669006272503,0.0563262034079624,-0.0133746995028916
464,-0.0081348797029438,0.0203526712068052,0.000682865354614,-0.0099030316819752,0.0449009689111018,0.0193322989512258,-0.0044346175033773,0.0,0.010304092613884
465,0.0,0.0027229596310995,-0.000682865354614,0.0122652164256785,-0.0165689345250866,0.0,-0.0069375035026435,0.0,0.0030706068890077
466,0.0081348797029437,0.0005286656746889,0.0,0.0194710198851406,0.0101019029208989,-0.0350718418223779,-0.0009950402455168,0.0,0.0004598039440146
467,0.0007713065872741,-0.0027215185161368,0.0,0.0179633843828701,0.002708569438303,-0.022923618288921,-0.0004979401745272,0.0651393021709614,-0.0035304108330223
468,0.0031231691072937,0.0129363800730403,0.0147472781717802,0.0049121983288394,0.0092385504488965,-0.01518722126509,-0.0110166108981104,0.0,0.0046024318653827
469,-0.0041011916006243,-0.003968448694216,-0.0113718248132538,0.0238372322147789,-0.0691805684233315,0.066045617480965,-0.0020161608004433,0.0,-0.0071686442916608
470,3.913624269035701e-05,-0.0103315314378274,-0.0028632777223766,-0.0212021961176575,-0.0561717543648095,-0.0393308473233498,-0.0086141753781158,0.0,0.0005137897427038
471,0.0026968595021848,0.0120556512232884,0.0035778350206341,-0.0052771060422401,0.0573535732150478,0.0045740457329866,0.0271101203820878,0.0040278955666003,0.0041004408659794
472,0.0011702173140806,-0.0111463779480303,0.0,-0.0507762427084145,-0.0298000470640699,-0.0166814861435419,0.003954492765789,0.0,0.0
473,-0.0042976597494456,-0.0012883424395263,0.0,0.0071315796236187,0.0042212206297387,-0.0258534109631888,-0.003459264835773,0.0007176098404797,-0.0025607542226878
474,0.0060505726249605,-7.576114310168223e-05,-0.0071685169224781,0.0522995224245003,0.03303173069925,-0.0059700758884439,-0.0184867023935131,-0.0010047322910841,-0.0061729204647814
475,-0.0041338706952543,0.0034068344115739,0.0,-0.0109249877234252,-0.0290006458159626,0.04106141918923,0.012528301158079,-0.0122815940296953,-0.0046546989430983
476,-0.003484098647236,-0.0079676055589184,0.013576524047325,-0.0083682235640767,-0.0014378147696274,0.0388891235451985,-0.0004980911623374,0.0,0.0005182148251086
477,0.0155644995557016,0.0072871200685657,0.0,-0.0076687785159781,-0.0244695978740926,0.0501317733426004,-0.0019950438588292,0.0,-0.0125132199761182
478,-0.0151724389522162,0.0104579948365602,0.0,-0.0042429649842575,-0.032610948160111,-0.0047430998422257,-0.0055231705396141,0.0,0.0028815275322518
479,0.0122725539294541,0.00403343608036,0.0,-0.0027095662820722,0.007678684024422,0.0042171871979045,-0.0155041467995361,0.0,0.0
480,0.0136526652180624,-0.0039586672052965,0.0042492603901494,0.0142392571011005,-0.0242678879616882,-0.0047456008842314,0.0088152019751918,0.0,0.0156755542175283
481,-0.0088240854752441,-0.0200316355637403,-0.0007069123815772,-0.0123031037458878,-0.0004338176626905,0.0052715135285528,-0.0041386463664789,0.0,0.0022120664231137
482,0.003462185231079,-0.0173287472040123,0.0,-0.0019361533552127,-0.013101384182493,0.088018578742943,0.0051705633980357,0.0,-0.0067026900824557
483,-0.003462185231079,-0.0240596854033904,0.0,-0.0140517028915226,-0.0296361053091793,0.0719734639126825,0.0005156086289806,0.0118507009159702,0.0028412343187058
484,0.0088240854752441,0.0178252255571771,0.0007069123815771,0.0186921149627611,-0.0225698717648139,0.0646225142284397,0.0025740628842391,0.0,0.0048887714048124
485,0.0,0.0068557614506437,0.0,0.0115075777201871,-0.0020531686342363,-0.0359166512609369,0.0025673562795676,0.041577320091288,-0.0087651958286684
486,0.0045731738141827,-0.0038895730668218,0.1134549272605249,-0.0239300857610224,0.02752971791834,0.0371758617897849,0.0015373144773859,0.0,0.0123521107962892
487,-0.0072504931554864,0.0042777353683945,0.0,-0.0125787699464112,-0.0385295234078615,-0.0164943211706284,-0.0015373144773859,0.0198539949589755,0.0030644343184988
488,0.0019131232350519,0.0096544063822535,0.0031495608435988,-0.0027728915564778,0.0191874078853389,-0.0089956052919249,0.0,0.0,-0.0097361647244986
489,0.0072367587520829,0.0078094608190205,0.0,-0.0063669078095802,-0.019187407885339,-0.0288103667924068,-0.0030816390653088,0.0,0.0087157630601477
490,0.008239967937861,-0.0003050473996031,-0.0006290830795396,0.0130876321453107,0.0665141097864249,0.0889286560598065,-0.0228938473379517,0.0,0.0005103810288296
491,-0.0030581033487316,0.0044909156145498,-0.0088496368831971,0.0249040614576019,0.0478220077914162,0.0271799422340214,0.0223792999293302,0.0,0.030153039161662
492,-0.0142667094284003,0.007641408777942,-0.0031796650660972,0.0439837876089503,0.0154260315329945,-0.0146974179485915,-0.0020608413188571,0.0,-0.0030597357590249
493,0.0111992253891228,-0.0024146947577201,0.0,-0.0226902278713239,0.0077414734689529,0.0004000891802768,-0.0030991485035931,0.0,-0.0154403084090475
494,0.0023014764454778,0.0042220127095666,-0.0070310073483106,0.0398282703053101,-0.0080948642245484,0.0023971032885634,0.0077299854419064,0.0,0.0051732383617298
495,0.005159091459111,0.0133769181638472,-0.0025690419660835,0.013288068953446,0.0513139235119957,0.0520910675458954,0.001026190854474,0.0,0.0112880225406901
496,-0.0061173902571983,0.0179507965649569,-0.0051579690451024,0.0145212340399332,0.013559543583355,0.0261697462593692,0.0046047741758187,0.0,-0.0180185249654192
497,-0.007506592941434,-0.0062167708511939,0.0,0.0087520248946013,-0.0475324905850921,-0.0276860091732627,-0.0025555462768748,0.1084092808566653,0.0180185249654192
498,0.0084648917395214,-0.0135916031139159,-0.0110498409813276,0.0315635141184824,0.0024281574311378,-0.0118299938768936,0.0005115539376931,0.0,-0.0112880225406901
499,0.043118192164907,0.0074096953418991,0.0,0.0026981440369417,-0.0072440990953829,0.0402537551055062,0.0005113898967736,0.0,-0.0051732383617298
